{
    "id": "f2505d98-32c9-42a5-857d-ab91333eb2be",
    "title": "The Green Tide Notebook",
    "slug": null,
    "state": null,
    "isWip": null,
    "isDraft": null,
    "entityClass": "Notebook",
    "icon": "fa-solid fa-notebook",
    "url": "https://www.worldanvil.com/notebook/notebook/f2505d98-32c9-42a5-857d-ab91333eb2be/load",
    "subscribergroups": [],
    "folderId": null,
    "tags": null,
    "updateDate": null,
    "creationDate": {
        "date": "2025-08-27 17:40:24.000000",
        "timezone_type": 3,
        "timezone": "Europe/London"
    },
    "color": null,
    "weight": 1,
    "isSelected": 1,
    "editor": "plutarch",
    "activeNoteId": "645f58ef-83fd-4ba6-bce8-6d80df75f513",
    "isEditable": true,
    "success": true
}