{
    "id": "c2a4c8cb-4049-4065-9ff4-10ad912dd982",
    "title": "Espera",
    "slug": null,
    "state": "public",
    "isWip": null,
    "isDraft": null,
    "entityClass": "Map",
    "icon": "fa-solid fa-compass",
    "url": "https://www.worldanvil.com/w/the-green-tide-chamomileberry/map/c2a4c8cb-4049-4065-9ff4-10ad912dd982",
    "subscribergroups": [],
    "folderId": "-1",
    "tags": "",
    "updateDate": {
        "date": "2025-08-22 21:27:03.000000",
        "timezone_type": 3,
        "timezone": "Europe/London"
    },
    "author": {
        "id": "ee136645-e433-489b-a47f-314d4364e12e",
        "title": "chamomileberry",
        "slug": null,
        "state": null,
        "isWip": null,
        "isDraft": null,
        "entityClass": "User",
        "icon": "fa-solid fa-user",
        "url": "https://www.worldanvil.com/author/chamomileberry",
        "subscribergroups": [],
        "folderId": null,
        "tags": null,
        "updateDate": null
    },
    "description": null,
    "legend": null,
    "creationDate": {
        "date": "2025-08-22 21:26:43.000000",
        "timezone_type": 3,
        "timezone": "Europe/London"
    },
    "isDeleted": null,
    "displayOnHomepage": true,
    "views": null,
    "position": null,
    "zoomOriginal": 0,
    "zoomMin": -2,
    "zoomMax": 0,
    "centerX": null,
    "centerY": null,
    "isEditable": true,
    "success": true
}