{
    "id": "943e68cc-9e59-4a58-a27f-a11131ec40a5",
    "title": "Natural Laws",
    "slug": "natural-laws-category",
    "state": "public",
    "isWip": null,
    "isDraft": null,
    "entityClass": "Category",
    "icon": "fa-solid fa-folder",
    "url": "https://www.worldanvil.com/w/the-green-tide-chamomileberry/c/natural-laws-category",
    "subscribergroups": [],
    "folderId": null,
    "tags": null,
    "updateDate": {
        "date": "2025-09-08 18:03:55.000000",
        "timezone_type": 3,
        "timezone": "Europe/London"
    },
    "description": null,
    "excerpt": null,
    "isBook": false,
    "displayBookTitle": true,
    "isCollapsed": false,
    "position": 1000,
    "creationDate": {
        "date": "2025-09-08 18:03:55.000000",
        "timezone_type": 3,
        "timezone": "Europe/London"
    },
    "views": 1,
    "editor": "plutarch",
    "custom1": null,
    "custom2": null,
    "custom3": null,
    "custom4": null,
    "custom5": null,
    "cssClasses": null,
    "systemMeta": "{\"catCol1\":[\"custom1\"],\"catCol2\":[\"custom2\",\"toc\"],\"catCol3\":[\"custom3\",\"articleBlocks\"],\"catCol4\":[\"custom4\",\"maps\",\"timelines\"],\"catCol5\":[\"custom5\"]}",
    "pagecover": null,
    "bookcover": null,
    "defaultarticlecover": null,
    "parent": {
        "id": "de8bf80c-f6f1-47cd-8a65-887d27ae0248",
        "title": "Settlements",
        "slug": "settlements-category",
        "state": "public",
        "isWip": null,
        "isDraft": null,
        "entityClass": "Category",
        "icon": "fa-solid fa-folder",
        "url": "https://www.worldanvil.com/w/the-green-tide-chamomileberry/c/settlements-category",
        "subscribergroups": [],
        "folderId": null,
        "tags": null,
        "updateDate": {
            "date": "2025-08-21 21:07:35.000000",
            "timezone_type": 3,
            "timezone": "Europe/London"
        }
    },
    "world": {
        "id": "864acfb5-95d4-444d-a85e-869554ea44eb",
        "title": "The Green Tide",
        "slug": "the-green-tide-chamomileberry",
        "state": "public",
        "isWip": null,
        "isDraft": null,
        "entityClass": "World",
        "icon": "fa-solid fa-globe-stand",
        "url": "https://www.worldanvil.com/w/the-green-tide-chamomileberry",
        "subscribergroups": [],
        "folderId": "-1",
        "tags": "",
        "updateDate": {
            "date": "2025-10-06 14:24:17.000000",
            "timezone_type": 3,
            "timezone": "Europe/London"
        }
    },
    "articleRedirect": null,
    "articles": [
        {
            "id": "88de3229-9276-4ba2-89e1-3079299bc3d0",
            "title": "Bloom Front",
            "slug": "bloom-front-law",
            "state": "public",
            "isWip": true,
            "isDraft": true,
            "entityClass": "Law",
            "icon": "fa-cloud-bolt",
            "url": "https://www.worldanvil.com/w/the-green-tide-chamomileberry/a/bloom-front-law",
            "subscribergroups": [],
            "folderId": "943e68cc-9e59-4a58-a27f-a11131ec40a5",
            "tags": "",
            "updateDate": {
                "date": "2025-09-12 17:26:00.000000",
                "timezone_type": 3,
                "timezone": "Europe/London"
            }
        },
        {
            "id": "e41fafb5-705f-4057-a4d5-50f6193d4011",
            "title": "The Verdancy",
            "slug": "the-verdancy-law",
            "state": "public",
            "isWip": true,
            "isDraft": false,
            "entityClass": "Law",
            "icon": "ra-vine-whip",
            "url": "https://www.worldanvil.com/w/the-green-tide-chamomileberry/a/the-verdancy-law",
            "subscribergroups": [],
            "folderId": "943e68cc-9e59-4a58-a27f-a11131ec40a5",
            "tags": "",
            "updateDate": {
                "date": "2025-09-12 18:00:57.000000",
                "timezone_type": 3,
                "timezone": "Europe/London"
            }
        }
    ],
    "editURL": "https://www.worldanvil.com/world/category/943e68cc-9e59-4a58-a27f-a11131ec40a5/edit",
    "parsedDescription": "",
    "isEditable": true,
    "success": true
}