{
    "id": "90e1a1e4-1c79-4d7e-869e-e49e765f94a1",
    "title": "Ethnicities",
    "slug": "ethnicities-category",
    "state": "public",
    "isWip": null,
    "isDraft": null,
    "entityClass": "Category",
    "icon": "fa-solid fa-folder",
    "url": "https://www.worldanvil.com/w/the-green-tide-chamomileberry/c/ethnicities-category",
    "subscribergroups": [],
    "folderId": null,
    "tags": null,
    "updateDate": {
        "date": "2025-08-27 14:57:47.000000",
        "timezone_type": 3,
        "timezone": "Europe/London"
    },
    "description": null,
    "excerpt": null,
    "isBook": false,
    "displayBookTitle": true,
    "isCollapsed": false,
    "position": 990,
    "creationDate": {
        "date": "2025-08-27 14:57:47.000000",
        "timezone_type": 3,
        "timezone": "Europe/London"
    },
    "views": 4,
    "editor": null,
    "custom1": null,
    "custom2": null,
    "custom3": null,
    "custom4": null,
    "custom5": null,
    "cssClasses": null,
    "systemMeta": "{\"catCol1\":[\"custom1\"],\"catCol2\":[\"custom2\",\"toc\"],\"catCol3\":[\"custom3\",\"articleBlocks\"],\"catCol4\":[\"custom4\",\"maps\",\"timelines\"],\"catCol5\":[\"custom5\"]}",
    "pagecover": null,
    "bookcover": null,
    "defaultarticlecover": null,
    "parent": null,
    "world": {
        "id": "864acfb5-95d4-444d-a85e-869554ea44eb",
        "title": "The Green Tide",
        "slug": "the-green-tide-chamomileberry",
        "state": "public",
        "isWip": null,
        "isDraft": null,
        "entityClass": "World",
        "icon": "fa-solid fa-globe-stand",
        "url": "https://www.worldanvil.com/w/the-green-tide-chamomileberry",
        "subscribergroups": [],
        "folderId": "-1",
        "tags": "",
        "updateDate": {
            "date": "2025-10-06 14:24:17.000000",
            "timezone_type": 3,
            "timezone": "Europe/London"
        }
    },
    "articleRedirect": null,
    "articles": [
        {
            "id": "ac8a75b6-5a7d-4446-9033-54be53d72133",
            "title": "Caucasian",
            "slug": "caucasian-ethnicity",
            "state": "public",
            "isWip": true,
            "isDraft": true,
            "entityClass": "Ethnicity",
            "icon": "fa-solid fa-file",
            "url": "https://www.worldanvil.com/w/the-green-tide-chamomileberry/a/caucasian-ethnicity",
            "subscribergroups": [],
            "folderId": "90e1a1e4-1c79-4d7e-869e-e49e765f94a1",
            "tags": null,
            "updateDate": {
                "date": "2025-08-30 20:50:46.000000",
                "timezone_type": 3,
                "timezone": "Europe/London"
            }
        },
        {
            "id": "b63185fe-b59b-4f54-8c10-cd4223cbd438",
            "title": "Frostborne",
            "slug": "frostborne-ethnicity",
            "state": "public",
            "isWip": true,
            "isDraft": true,
            "entityClass": "Ethnicity",
            "icon": "fa-solid fa-file",
            "url": "https://www.worldanvil.com/w/the-green-tide-chamomileberry/a/frostborne-ethnicity",
            "subscribergroups": [],
            "folderId": "90e1a1e4-1c79-4d7e-869e-e49e765f94a1",
            "tags": "",
            "updateDate": {
                "date": "2025-09-09 21:57:26.000000",
                "timezone_type": 3,
                "timezone": "Europe/London"
            }
        },
        {
            "id": "28602fb1-d012-49b0-9ee0-3c794b0b483b",
            "title": "German",
            "slug": "german-ethnicity",
            "state": "public",
            "isWip": true,
            "isDraft": true,
            "entityClass": "Ethnicity",
            "icon": "fa-solid fa-file",
            "url": "https://www.worldanvil.com/w/the-green-tide-chamomileberry/a/german-ethnicity",
            "subscribergroups": [],
            "folderId": "90e1a1e4-1c79-4d7e-869e-e49e765f94a1",
            "tags": null,
            "updateDate": {
                "date": "2025-08-30 19:33:24.000000",
                "timezone_type": 3,
                "timezone": "Europe/London"
            }
        },
        {
            "id": "e0058d99-aae6-41c7-ba23-6b59bd3e155c",
            "title": "Letharian",
            "slug": "letharian-ethnicity-1",
            "state": "public",
            "isWip": true,
            "isDraft": false,
            "entityClass": "Ethnicity",
            "icon": "fa-seedling",
            "url": "https://www.worldanvil.com/w/the-green-tide-chamomileberry/a/letharian-ethnicity-1",
            "subscribergroups": [],
            "folderId": "90e1a1e4-1c79-4d7e-869e-e49e765f94a1",
            "tags": "",
            "updateDate": {
                "date": "2025-09-09 22:01:49.000000",
                "timezone_type": 3,
                "timezone": "Europe/London"
            }
        },
        {
            "id": "c5742ab6-d697-4a64-8d33-4299e26858e8",
            "title": "Reedweavers",
            "slug": "reedweavers-ethnicity",
            "state": "public",
            "isWip": true,
            "isDraft": false,
            "entityClass": "Ethnicity",
            "icon": "fa-shoe-prints",
            "url": "https://www.worldanvil.com/w/the-green-tide-chamomileberry/a/reedweavers-ethnicity",
            "subscribergroups": [],
            "folderId": "90e1a1e4-1c79-4d7e-869e-e49e765f94a1",
            "tags": "",
            "updateDate": {
                "date": "2025-09-09 21:41:48.000000",
                "timezone_type": 3,
                "timezone": "Europe/London"
            }
        },
        {
            "id": "66be0f40-cba8-4fd2-b0ab-6c4c56ab4cd1",
            "title": "Rootbound",
            "slug": "rootbound-ethnicity",
            "state": "public",
            "isWip": true,
            "isDraft": true,
            "entityClass": "Ethnicity",
            "icon": "fa-shoe-prints",
            "url": "https://www.worldanvil.com/w/the-green-tide-chamomileberry/a/rootbound-ethnicity",
            "subscribergroups": [],
            "folderId": "90e1a1e4-1c79-4d7e-869e-e49e765f94a1",
            "tags": "",
            "updateDate": {
                "date": "2025-08-29 14:44:26.000000",
                "timezone_type": 3,
                "timezone": "Europe/London"
            }
        },
        {
            "id": "13c0c67e-37d3-41ed-94a8-2232e37843a0",
            "title": "Saltfolk",
            "slug": "saltfolk-ethnicity",
            "state": "public",
            "isWip": false,
            "isDraft": false,
            "entityClass": "Ethnicity",
            "icon": "fa-shoe-prints",
            "url": "https://www.worldanvil.com/w/the-green-tide-chamomileberry/a/saltfolk-ethnicity",
            "subscribergroups": [],
            "folderId": "90e1a1e4-1c79-4d7e-869e-e49e765f94a1",
            "tags": "",
            "updateDate": {
                "date": "2025-09-08 19:34:48.000000",
                "timezone_type": 3,
                "timezone": "Europe/London"
            }
        },
        {
            "id": "499c3368-e5d0-48fe-a24c-f7ac538f669a",
            "title": "Stonekeepers",
            "slug": "stonekeepers-ethnicity",
            "state": "public",
            "isWip": true,
            "isDraft": true,
            "entityClass": "Ethnicity",
            "icon": "fa-shoe-prints",
            "url": "https://www.worldanvil.com/w/the-green-tide-chamomileberry/a/stonekeepers-ethnicity",
            "subscribergroups": [],
            "folderId": "90e1a1e4-1c79-4d7e-869e-e49e765f94a1",
            "tags": "",
            "updateDate": {
                "date": "2025-08-29 14:44:38.000000",
                "timezone_type": 3,
                "timezone": "Europe/London"
            }
        },
        {
            "id": "209c1b1a-89f0-41ab-8765-acd659ddc4ce",
            "title": "Vaultmen",
            "slug": "vaultmen-ethnicity",
            "state": "public",
            "isWip": true,
            "isDraft": false,
            "entityClass": "Ethnicity",
            "icon": "fa-shoe-prints",
            "url": "https://www.worldanvil.com/w/the-green-tide-chamomileberry/a/vaultmen-ethnicity",
            "subscribergroups": [],
            "folderId": "90e1a1e4-1c79-4d7e-869e-e49e765f94a1",
            "tags": "",
            "updateDate": {
                "date": "2025-08-30 21:57:09.000000",
                "timezone_type": 3,
                "timezone": "Europe/London"
            }
        }
    ],
    "editURL": "https://www.worldanvil.com/world/category/90e1a1e4-1c79-4d7e-869e-e49e765f94a1/edit",
    "parsedDescription": "",
    "isEditable": true,
    "success": true
}