{
    "id": "de8bf80c-f6f1-47cd-8a65-887d27ae0248",
    "title": "Settlements",
    "slug": "settlements-category",
    "state": "public",
    "isWip": null,
    "isDraft": null,
    "entityClass": "Category",
    "icon": "fa-solid fa-folder",
    "url": "https://www.worldanvil.com/w/the-green-tide-chamomileberry/c/settlements-category",
    "subscribergroups": [],
    "folderId": null,
    "tags": null,
    "updateDate": {
        "date": "2025-08-21 21:07:35.000000",
        "timezone_type": 3,
        "timezone": "Europe/London"
    },
    "description": null,
    "excerpt": null,
    "isBook": false,
    "displayBookTitle": true,
    "isCollapsed": false,
    "position": 980,
    "creationDate": {
        "date": "2025-08-21 21:07:35.000000",
        "timezone_type": 3,
        "timezone": "Europe/London"
    },
    "views": 2,
    "editor": null,
    "custom1": null,
    "custom2": null,
    "custom3": null,
    "custom4": null,
    "custom5": null,
    "cssClasses": null,
    "systemMeta": "{\"catCol1\":[\"custom1\"],\"catCol2\":[\"custom2\",\"toc\"],\"catCol3\":[\"custom3\",\"articleBlocks\"],\"catCol4\":[\"custom4\",\"maps\",\"timelines\"],\"catCol5\":[\"custom5\"]}",
    "pagecover": null,
    "bookcover": null,
    "defaultarticlecover": null,
    "parent": null,
    "world": {
        "id": "864acfb5-95d4-444d-a85e-869554ea44eb",
        "title": "The Green Tide",
        "slug": "the-green-tide-chamomileberry",
        "state": "public",
        "isWip": null,
        "isDraft": null,
        "entityClass": "World",
        "icon": "fa-solid fa-globe-stand",
        "url": "https://www.worldanvil.com/w/the-green-tide-chamomileberry",
        "subscribergroups": [],
        "folderId": "-1",
        "tags": "",
        "updateDate": {
            "date": "2025-10-06 14:24:17.000000",
            "timezone_type": 3,
            "timezone": "Europe/London"
        }
    },
    "articleRedirect": null,
    "children": [
        {
            "id": "943e68cc-9e59-4a58-a27f-a11131ec40a5",
            "title": "Natural Laws",
            "slug": "natural-laws-category",
            "state": "public",
            "isWip": null,
            "isDraft": null,
            "entityClass": "Category",
            "icon": "fa-solid fa-folder",
            "url": "https://www.worldanvil.com/w/the-green-tide-chamomileberry/c/natural-laws-category",
            "subscribergroups": [],
            "folderId": null,
            "tags": null,
            "updateDate": {
                "date": "2025-09-08 18:03:55.000000",
                "timezone_type": 3,
                "timezone": "Europe/London"
            }
        }
    ],
    "articles": [
        {
            "id": "a4736d47-00cf-44dd-8522-80f95f15ba18",
            "title": "Aeris Canopy",
            "slug": "aeris-canopy-settlement",
            "state": "public",
            "isWip": true,
            "isDraft": true,
            "entityClass": "Settlement",
            "icon": "fa-leaf",
            "url": "https://www.worldanvil.com/w/the-green-tide-chamomileberry/a/aeris-canopy-settlement",
            "subscribergroups": [],
            "folderId": "de8bf80c-f6f1-47cd-8a65-887d27ae0248",
            "tags": "",
            "updateDate": {
                "date": "2025-08-29 15:08:50.000000",
                "timezone_type": 3,
                "timezone": "Europe/London"
            }
        },
        {
            "id": "62fc36c4-cd05-48a8-a4b6-76c99a69d091",
            "title": "Espera",
            "slug": "espera-settlement",
            "state": "public",
            "isWip": true,
            "isDraft": false,
            "entityClass": "Settlement",
            "icon": "fa-cactus",
            "url": "https://www.worldanvil.com/w/the-green-tide-chamomileberry/a/espera-settlement",
            "subscribergroups": [],
            "folderId": "de8bf80c-f6f1-47cd-8a65-887d27ae0248",
            "tags": "",
            "updateDate": {
                "date": "2025-09-08 19:24:00.000000",
                "timezone_type": 3,
                "timezone": "Europe/London"
            }
        },
        {
            "id": "680888a0-33d9-49df-bb81-8acde083ed18",
            "title": "Grapevine Station",
            "slug": "grapevine-station-settlement",
            "state": "public",
            "isWip": true,
            "isDraft": true,
            "entityClass": "Settlement",
            "icon": "fa-mountains",
            "url": "https://www.worldanvil.com/w/the-green-tide-chamomileberry/a/grapevine-station-settlement",
            "subscribergroups": [],
            "folderId": "de8bf80c-f6f1-47cd-8a65-887d27ae0248",
            "tags": "",
            "updateDate": {
                "date": "2025-08-29 15:47:47.000000",
                "timezone_type": 3,
                "timezone": "Europe/London"
            }
        },
        {
            "id": "cb05eb89-2307-4e50-a0d9-f15f8c830842",
            "title": "The North Bastion",
            "slug": "the-north-bastion-settlement",
            "state": "public",
            "isWip": true,
            "isDraft": true,
            "entityClass": "Settlement",
            "icon": "fa-mountain",
            "url": "https://www.worldanvil.com/w/the-green-tide-chamomileberry/a/the-north-bastion-settlement",
            "subscribergroups": [],
            "folderId": "de8bf80c-f6f1-47cd-8a65-887d27ae0248",
            "tags": "",
            "updateDate": {
                "date": "2025-08-29 15:22:29.000000",
                "timezone_type": 3,
                "timezone": "Europe/London"
            }
        }
    ],
    "editURL": "https://www.worldanvil.com/world/category/de8bf80c-f6f1-47cd-8a65-887d27ae0248/edit",
    "parsedDescription": "",
    "isEditable": true,
    "success": true
}