{
    "id": "16ecca34-37e0-4c35-869f-47cf9a7012cd",
    "title": "Traditions",
    "slug": "traditions-category",
    "state": "public",
    "isWip": null,
    "isDraft": null,
    "entityClass": "Category",
    "icon": "fa-solid fa-folder",
    "url": "https://www.worldanvil.com/w/the-green-tide-chamomileberry/c/traditions-category",
    "subscribergroups": [],
    "folderId": null,
    "tags": null,
    "updateDate": {
        "date": "2025-09-17 17:21:05.000000",
        "timezone_type": 3,
        "timezone": "Europe/London"
    },
    "description": null,
    "excerpt": null,
    "isBook": false,
    "displayBookTitle": true,
    "isCollapsed": false,
    "position": null,
    "creationDate": {
        "date": "2025-09-17 17:21:05.000000",
        "timezone_type": 3,
        "timezone": "Europe/London"
    },
    "views": null,
    "editor": "plutarch",
    "custom1": null,
    "custom2": null,
    "custom3": null,
    "custom4": null,
    "custom5": null,
    "cssClasses": null,
    "systemMeta": "{\"catCol1\":[\"custom1\"],\"catCol2\":[\"custom2\",\"toc\"],\"catCol3\":[\"custom3\",\"articleBlocks\"],\"catCol4\":[\"custom4\",\"maps\",\"timelines\"],\"catCol5\":[\"custom5\"]}",
    "pagecover": null,
    "bookcover": null,
    "defaultarticlecover": null,
    "parent": null,
    "world": {
        "id": "864acfb5-95d4-444d-a85e-869554ea44eb",
        "title": "The Green Tide",
        "slug": "the-green-tide-chamomileberry",
        "state": "public",
        "isWip": null,
        "isDraft": null,
        "entityClass": "World",
        "icon": "fa-solid fa-globe-stand",
        "url": "https://www.worldanvil.com/w/the-green-tide-chamomileberry",
        "subscribergroups": [],
        "folderId": "-1",
        "tags": "",
        "updateDate": {
            "date": "2025-10-06 14:24:17.000000",
            "timezone_type": 3,
            "timezone": "Europe/London"
        }
    },
    "articleRedirect": null,
    "articles": [
        {
            "id": "049460ff-0183-45e3-a161-3ade464da4e3",
            "title": "Oasis Harvest",
            "slug": "oasis-harvest-ritual",
            "state": "public",
            "isWip": true,
            "isDraft": false,
            "entityClass": "Ritual",
            "icon": "fa-island-tropical",
            "url": "https://www.worldanvil.com/w/the-green-tide-chamomileberry/a/oasis-harvest-ritual",
            "subscribergroups": [],
            "folderId": "16ecca34-37e0-4c35-869f-47cf9a7012cd",
            "tags": "",
            "updateDate": {
                "date": "2025-09-17 18:20:58.000000",
                "timezone_type": 3,
                "timezone": "Europe/London"
            }
        },
        {
            "id": "e8ab069a-b17b-4556-97c6-30ccff3eec48",
            "title": "Piñonada",
            "slug": "pinonada-ritual",
            "state": "public",
            "isWip": true,
            "isDraft": true,
            "entityClass": "Ritual",
            "icon": "fa-acorn",
            "url": "https://www.worldanvil.com/w/the-green-tide-chamomileberry/a/pinonada-ritual",
            "subscribergroups": [],
            "folderId": "16ecca34-37e0-4c35-869f-47cf9a7012cd",
            "tags": "",
            "updateDate": {
                "date": "2025-09-17 16:03:36.000000",
                "timezone_type": 3,
                "timezone": "Europe/London"
            }
        },
        {
            "id": "4523e541-08ac-4db8-9c06-39acc09fe986",
            "title": "Preservation Day",
            "slug": "preservation-day-ritual",
            "state": "public",
            "isWip": true,
            "isDraft": true,
            "entityClass": "Ritual",
            "icon": "ra-scroll-unfurled",
            "url": "https://www.worldanvil.com/w/the-green-tide-chamomileberry/a/preservation-day-ritual",
            "subscribergroups": [],
            "folderId": "16ecca34-37e0-4c35-869f-47cf9a7012cd",
            "tags": "holidays",
            "updateDate": {
                "date": "2025-09-17 21:30:35.000000",
                "timezone_type": 3,
                "timezone": "Europe/London"
            }
        }
    ],
    "editURL": "https://www.worldanvil.com/world/category/16ecca34-37e0-4c35-869f-47cf9a7012cd/edit",
    "parsedDescription": "",
    "isEditable": true,
    "success": true
}