{
    "id": "712b3df2-4c8d-4d2f-aa98-444c7a30183f",
    "title": "Tradewrights",
    "slug": "tradewrights-category",
    "state": "public",
    "isWip": null,
    "isDraft": null,
    "entityClass": "Category",
    "icon": "fa-solid fa-folder",
    "url": "https://www.worldanvil.com/w/the-green-tide-chamomileberry/c/tradewrights-category",
    "subscribergroups": [],
    "folderId": null,
    "tags": null,
    "updateDate": {
        "date": "2025-09-19 16:00:14.000000",
        "timezone_type": 3,
        "timezone": "Europe/London"
    },
    "description": null,
    "excerpt": null,
    "isBook": false,
    "displayBookTitle": true,
    "isCollapsed": false,
    "position": null,
    "creationDate": {
        "date": "2025-09-19 16:00:14.000000",
        "timezone_type": 3,
        "timezone": "Europe/London"
    },
    "views": null,
    "editor": "plutarch",
    "custom1": null,
    "custom2": null,
    "custom3": null,
    "custom4": null,
    "custom5": null,
    "cssClasses": null,
    "systemMeta": "{\"catCol1\":[\"custom1\"],\"catCol2\":[\"custom2\",\"toc\"],\"catCol3\":[\"custom3\",\"articleBlocks\"],\"catCol4\":[\"custom4\",\"maps\",\"timelines\"],\"catCol5\":[\"custom5\"]}",
    "pagecover": null,
    "bookcover": null,
    "defaultarticlecover": null,
    "parent": {
        "id": "04698454-66fd-4a8d-9c8d-cb075d239574",
        "title": "Professions",
        "slug": "professions-category",
        "state": "public",
        "isWip": null,
        "isDraft": null,
        "entityClass": "Category",
        "icon": "fa-solid fa-folder",
        "url": "https://www.worldanvil.com/w/the-green-tide-chamomileberry/c/professions-category",
        "subscribergroups": [],
        "folderId": null,
        "tags": null,
        "updateDate": {
            "date": "2025-09-19 15:52:54.000000",
            "timezone_type": 3,
            "timezone": "Europe/London"
        }
    },
    "world": {
        "id": "864acfb5-95d4-444d-a85e-869554ea44eb",
        "title": "The Green Tide",
        "slug": "the-green-tide-chamomileberry",
        "state": "public",
        "isWip": null,
        "isDraft": null,
        "entityClass": "World",
        "icon": "fa-solid fa-globe-stand",
        "url": "https://www.worldanvil.com/w/the-green-tide-chamomileberry",
        "subscribergroups": [],
        "folderId": "-1",
        "tags": "",
        "updateDate": {
            "date": "2025-10-06 14:24:17.000000",
            "timezone_type": 3,
            "timezone": "Europe/London"
        }
    },
    "articleRedirect": null,
    "articles": [
        {
            "id": "9d10e70f-982b-472e-95c6-8df6d9e6d61c",
            "title": "Bonewright",
            "slug": "bonewright-profession",
            "state": "public",
            "isWip": true,
            "isDraft": true,
            "entityClass": "Profession",
            "icon": "fa-hammer",
            "url": "https://www.worldanvil.com/w/the-green-tide-chamomileberry/a/bonewright-profession",
            "subscribergroups": [],
            "folderId": "712b3df2-4c8d-4d2f-aa98-444c7a30183f",
            "tags": "",
            "updateDate": {
                "date": "2025-09-19 15:44:10.000000",
                "timezone_type": 3,
                "timezone": "Europe/London"
            }
        },
        {
            "id": "56f65370-a3d5-4a95-89a8-c2909f3509db",
            "title": "Burrowright",
            "slug": "burrowright-profession",
            "state": "public",
            "isWip": true,
            "isDraft": true,
            "entityClass": "Profession",
            "icon": "fa-hammer",
            "url": "https://www.worldanvil.com/w/the-green-tide-chamomileberry/a/burrowright-profession",
            "subscribergroups": [],
            "folderId": "712b3df2-4c8d-4d2f-aa98-444c7a30183f",
            "tags": "",
            "updateDate": {
                "date": "2025-09-19 15:42:33.000000",
                "timezone_type": 3,
                "timezone": "Europe/London"
            }
        },
        {
            "id": "379133c1-df78-46e1-a287-3822273e89eb",
            "title": "Dustwright",
            "slug": "dustwright-profession",
            "state": "public",
            "isWip": true,
            "isDraft": true,
            "entityClass": "Profession",
            "icon": "fa-hammer",
            "url": "https://www.worldanvil.com/w/the-green-tide-chamomileberry/a/dustwright-profession",
            "subscribergroups": [],
            "folderId": "712b3df2-4c8d-4d2f-aa98-444c7a30183f",
            "tags": "",
            "updateDate": {
                "date": "2025-09-19 15:44:56.000000",
                "timezone_type": 3,
                "timezone": "Europe/London"
            }
        },
        {
            "id": "1dbe80ea-75f0-433a-ad71-a496141f5b01",
            "title": "Earthwright",
            "slug": "earthwright-profession",
            "state": "public",
            "isWip": true,
            "isDraft": true,
            "entityClass": "Profession",
            "icon": "fa-hammer",
            "url": "https://www.worldanvil.com/w/the-green-tide-chamomileberry/a/earthwright-profession",
            "subscribergroups": [],
            "folderId": "712b3df2-4c8d-4d2f-aa98-444c7a30183f",
            "tags": "",
            "updateDate": {
                "date": "2025-09-19 15:41:20.000000",
                "timezone_type": 3,
                "timezone": "Europe/London"
            }
        },
        {
            "id": "ae9e113c-db4b-4fd6-a0cc-67eb1d11adb0",
            "title": "Flamewright",
            "slug": "flamewright-profession",
            "state": "public",
            "isWip": true,
            "isDraft": true,
            "entityClass": "Profession",
            "icon": "fa-hammer",
            "url": "https://www.worldanvil.com/w/the-green-tide-chamomileberry/a/flamewright-profession",
            "subscribergroups": [],
            "folderId": "712b3df2-4c8d-4d2f-aa98-444c7a30183f",
            "tags": "",
            "updateDate": {
                "date": "2025-09-19 15:43:44.000000",
                "timezone_type": 3,
                "timezone": "Europe/London"
            }
        },
        {
            "id": "c0891925-624c-4c15-b69d-75af53080834",
            "title": "Saltwright",
            "slug": "saltwright-profession",
            "state": "public",
            "isWip": true,
            "isDraft": true,
            "entityClass": "Profession",
            "icon": "fa-hammer",
            "url": "https://www.worldanvil.com/w/the-green-tide-chamomileberry/a/saltwright-profession",
            "subscribergroups": [],
            "folderId": "712b3df2-4c8d-4d2f-aa98-444c7a30183f",
            "tags": "",
            "updateDate": {
                "date": "2025-09-19 15:45:25.000000",
                "timezone_type": 3,
                "timezone": "Europe/London"
            }
        },
        {
            "id": "69427b21-7d7e-432d-9cd7-d393d6ba7282",
            "title": "Stonewright",
            "slug": "stonewright-profession",
            "state": "public",
            "isWip": true,
            "isDraft": true,
            "entityClass": "Profession",
            "icon": "fa-hammer",
            "url": "https://www.worldanvil.com/w/the-green-tide-chamomileberry/a/stonewright-profession",
            "subscribergroups": [],
            "folderId": "712b3df2-4c8d-4d2f-aa98-444c7a30183f",
            "tags": "",
            "updateDate": {
                "date": "2025-09-19 15:41:45.000000",
                "timezone_type": 3,
                "timezone": "Europe/London"
            }
        },
        {
            "id": "4eac2458-b5e5-4584-af1a-453ab28a3424",
            "title": "Tidewright",
            "slug": "tidewright-profession",
            "state": "public",
            "isWip": true,
            "isDraft": true,
            "entityClass": "Profession",
            "icon": "fa-hammer",
            "url": "https://www.worldanvil.com/w/the-green-tide-chamomileberry/a/tidewright-profession",
            "subscribergroups": [],
            "folderId": "712b3df2-4c8d-4d2f-aa98-444c7a30183f",
            "tags": "",
            "updateDate": {
                "date": "2025-09-19 15:45:49.000000",
                "timezone_type": 3,
                "timezone": "Europe/London"
            }
        }
    ],
    "editURL": "https://www.worldanvil.com/world/category/712b3df2-4c8d-4d2f-aa98-444c7a30183f/edit",
    "parsedDescription": "",
    "isEditable": true,
    "success": true
}