{
    "id": "2a299f37-098e-430d-bc06-c4a46632b580",
    "title": "Roles/Tiles",
    "slug": "roles2Ftiles-category",
    "state": "public",
    "isWip": null,
    "isDraft": null,
    "entityClass": "Category",
    "icon": "fa-solid fa-folder",
    "url": "https://www.worldanvil.com/w/the-green-tide-chamomileberry/c/roles2Ftiles-category",
    "subscribergroups": [],
    "folderId": null,
    "tags": null,
    "updateDate": {
        "date": "2025-08-29 17:08:08.000000",
        "timezone_type": 3,
        "timezone": "Europe/London"
    },
    "description": null,
    "excerpt": null,
    "isBook": false,
    "displayBookTitle": true,
    "isCollapsed": false,
    "position": 960,
    "creationDate": {
        "date": "2025-08-29 17:08:08.000000",
        "timezone_type": 3,
        "timezone": "Europe/London"
    },
    "views": 2,
    "editor": "plutarch",
    "custom1": null,
    "custom2": null,
    "custom3": null,
    "custom4": null,
    "custom5": null,
    "cssClasses": null,
    "systemMeta": "{\"catCol1\":[\"custom1\"],\"catCol2\":[\"custom2\",\"toc\"],\"catCol3\":[\"custom3\",\"articleBlocks\"],\"catCol4\":[\"custom4\",\"maps\",\"timelines\"],\"catCol5\":[\"custom5\"]}",
    "pagecover": null,
    "bookcover": null,
    "defaultarticlecover": null,
    "parent": null,
    "world": {
        "id": "864acfb5-95d4-444d-a85e-869554ea44eb",
        "title": "The Green Tide",
        "slug": "the-green-tide-chamomileberry",
        "state": "public",
        "isWip": null,
        "isDraft": null,
        "entityClass": "World",
        "icon": "fa-solid fa-globe-stand",
        "url": "https://www.worldanvil.com/w/the-green-tide-chamomileberry",
        "subscribergroups": [],
        "folderId": "-1",
        "tags": "",
        "updateDate": {
            "date": "2025-10-06 14:24:17.000000",
            "timezone_type": 3,
            "timezone": "Europe/London"
        }
    },
    "articleRedirect": null,
    "articles": [
        {
            "id": "88f30a1e-7425-4f95-9065-18ecc7afcc11",
            "title": "Acolyte",
            "slug": "acolyte-rank",
            "state": "public",
            "isWip": true,
            "isDraft": true,
            "entityClass": "Rank",
            "icon": "fa-building-columns",
            "url": "https://www.worldanvil.com/w/the-green-tide-chamomileberry/a/acolyte-rank",
            "subscribergroups": [],
            "folderId": "2a299f37-098e-430d-bc06-c4a46632b580",
            "tags": "",
            "updateDate": {
                "date": "2025-08-29 15:51:34.000000",
                "timezone_type": 3,
                "timezone": "Europe/London"
            }
        },
        {
            "id": "77f810af-7ae7-4859-ab62-940155d6cb12",
            "title": "Council Guards",
            "slug": "council-guards-rank",
            "state": "public",
            "isWip": true,
            "isDraft": true,
            "entityClass": "Rank",
            "icon": "fa-solid fa-file",
            "url": "https://www.worldanvil.com/w/the-green-tide-chamomileberry/a/council-guards-rank",
            "subscribergroups": [],
            "folderId": "2a299f37-098e-430d-bc06-c4a46632b580",
            "tags": "",
            "updateDate": {
                "date": "2025-08-30 18:22:43.000000",
                "timezone_type": 3,
                "timezone": "Europe/London"
            }
        },
        {
            "id": "8d9a339d-5069-4f4e-a6a1-9a584d6aa243",
            "title": "Keeper",
            "slug": "keeper-rank",
            "state": "public",
            "isWip": true,
            "isDraft": false,
            "entityClass": "Rank",
            "icon": "ra-fire-symbol",
            "url": "https://www.worldanvil.com/w/the-green-tide-chamomileberry/a/keeper-rank",
            "subscribergroups": [],
            "folderId": "2a299f37-098e-430d-bc06-c4a46632b580",
            "tags": "",
            "updateDate": {
                "date": "2025-08-30 19:24:59.000000",
                "timezone_type": 3,
                "timezone": "Europe/London"
            }
        },
        {
            "id": "debdbec5-168d-4a4b-806d-62a12340a3d9",
            "title": "Saltling",
            "slug": "saltling-rank",
            "state": "public",
            "isWip": true,
            "isDraft": true,
            "entityClass": "Rank",
            "icon": "fa-crown",
            "url": "https://www.worldanvil.com/w/the-green-tide-chamomileberry/a/saltling-rank",
            "subscribergroups": [],
            "folderId": "2a299f37-098e-430d-bc06-c4a46632b580",
            "tags": "",
            "updateDate": {
                "date": "2025-09-18 13:03:44.000000",
                "timezone_type": 3,
                "timezone": "Europe/London"
            }
        },
        {
            "id": "511bcd74-9a1e-4015-8634-7e781dcd7666",
            "title": "Warden",
            "slug": "warden-rank",
            "state": "public",
            "isWip": true,
            "isDraft": true,
            "entityClass": "Rank",
            "icon": "fa-solid fa-file",
            "url": "https://www.worldanvil.com/w/the-green-tide-chamomileberry/a/warden-rank",
            "subscribergroups": [],
            "folderId": "2a299f37-098e-430d-bc06-c4a46632b580",
            "tags": "",
            "updateDate": {
                "date": "2025-08-30 18:23:24.000000",
                "timezone_type": 3,
                "timezone": "Europe/London"
            }
        },
        {
            "id": "5519f35e-d8ce-4ae7-a19d-6941e1f0281d",
            "title": "Whisperer",
            "slug": "whisperer-rank",
            "state": "public",
            "isWip": true,
            "isDraft": true,
            "entityClass": "Rank",
            "icon": "fa-solid fa-file",
            "url": "https://www.worldanvil.com/w/the-green-tide-chamomileberry/a/whisperer-rank",
            "subscribergroups": [],
            "folderId": "2a299f37-098e-430d-bc06-c4a46632b580",
            "tags": "",
            "updateDate": {
                "date": "2025-08-30 18:21:50.000000",
                "timezone_type": 3,
                "timezone": "Europe/London"
            }
        }
    ],
    "editURL": "https://www.worldanvil.com/world/category/2a299f37-098e-430d-bc06-c4a46632b580/edit",
    "parsedDescription": "",
    "isEditable": true,
    "success": true
}