{
    "id": "04698454-66fd-4a8d-9c8d-cb075d239574",
    "title": "Professions",
    "slug": "professions-category",
    "state": "public",
    "isWip": null,
    "isDraft": null,
    "entityClass": "Category",
    "icon": "fa-solid fa-folder",
    "url": "https://www.worldanvil.com/w/the-green-tide-chamomileberry/c/professions-category",
    "subscribergroups": [],
    "folderId": null,
    "tags": null,
    "updateDate": {
        "date": "2025-09-19 15:52:54.000000",
        "timezone_type": 3,
        "timezone": "Europe/London"
    },
    "description": null,
    "excerpt": null,
    "isBook": false,
    "displayBookTitle": true,
    "isCollapsed": false,
    "position": 990,
    "creationDate": {
        "date": "2025-09-19 15:52:54.000000",
        "timezone_type": 3,
        "timezone": "Europe/London"
    },
    "views": null,
    "editor": "plutarch",
    "custom1": null,
    "custom2": null,
    "custom3": null,
    "custom4": null,
    "custom5": null,
    "cssClasses": null,
    "systemMeta": "{\"catCol1\":[\"custom1\"],\"catCol2\":[\"custom2\",\"toc\"],\"catCol3\":[\"custom3\",\"articleBlocks\"],\"catCol4\":[\"custom4\",\"maps\",\"timelines\"],\"catCol5\":[\"custom5\"]}",
    "pagecover": null,
    "bookcover": null,
    "defaultarticlecover": null,
    "parent": null,
    "world": {
        "id": "864acfb5-95d4-444d-a85e-869554ea44eb",
        "title": "The Green Tide",
        "slug": "the-green-tide-chamomileberry",
        "state": "public",
        "isWip": null,
        "isDraft": null,
        "entityClass": "World",
        "icon": "fa-solid fa-globe-stand",
        "url": "https://www.worldanvil.com/w/the-green-tide-chamomileberry",
        "subscribergroups": [],
        "folderId": "-1",
        "tags": "",
        "updateDate": {
            "date": "2025-10-06 14:24:17.000000",
            "timezone_type": 3,
            "timezone": "Europe/London"
        }
    },
    "articleRedirect": null,
    "children": [
        {
            "id": "69eda64b-fc17-45b3-9252-c28b71ea8bfc",
            "title": "Keepers",
            "slug": "keepers-category",
            "state": "public",
            "isWip": null,
            "isDraft": null,
            "entityClass": "Category",
            "icon": "fa-solid fa-folder",
            "url": "https://www.worldanvil.com/w/the-green-tide-chamomileberry/c/keepers-category",
            "subscribergroups": [],
            "folderId": null,
            "tags": null,
            "updateDate": {
                "date": "2025-09-19 16:00:08.000000",
                "timezone_type": 3,
                "timezone": "Europe/London"
            }
        },
        {
            "id": "712b3df2-4c8d-4d2f-aa98-444c7a30183f",
            "title": "Tradewrights",
            "slug": "tradewrights-category",
            "state": "public",
            "isWip": null,
            "isDraft": null,
            "entityClass": "Category",
            "icon": "fa-solid fa-folder",
            "url": "https://www.worldanvil.com/w/the-green-tide-chamomileberry/c/tradewrights-category",
            "subscribergroups": [],
            "folderId": null,
            "tags": null,
            "updateDate": {
                "date": "2025-09-19 16:00:14.000000",
                "timezone_type": 3,
                "timezone": "Europe/London"
            }
        }
    ],
    "articles": [
        {
            "id": "24a0064e-7893-4539-a740-792df7525a28",
            "title": "Bonemender",
            "slug": "bonemender-profession",
            "state": "public",
            "isWip": true,
            "isDraft": true,
            "entityClass": "Profession",
            "icon": "fa-hammer",
            "url": "https://www.worldanvil.com/w/the-green-tide-chamomileberry/a/bonemender-profession",
            "subscribergroups": [],
            "folderId": "04698454-66fd-4a8d-9c8d-cb075d239574",
            "tags": "",
            "updateDate": {
                "date": "2025-09-18 13:33:20.000000",
                "timezone_type": 3,
                "timezone": "Europe/London"
            }
        },
        {
            "id": "64f3de13-5ac2-4181-b91f-e6478e3a233a",
            "title": "Burroriders",
            "slug": "burroriders-profession",
            "state": "public",
            "isWip": true,
            "isDraft": true,
            "entityClass": "Profession",
            "icon": "fa-hammer",
            "url": "https://www.worldanvil.com/w/the-green-tide-chamomileberry/a/burroriders-profession",
            "subscribergroups": [],
            "folderId": "04698454-66fd-4a8d-9c8d-cb075d239574",
            "tags": "",
            "updateDate": {
                "date": "2025-09-18 13:51:10.000000",
                "timezone_type": 3,
                "timezone": "Europe/London"
            }
        },
        {
            "id": "91e931f0-d2de-4f2f-b3ad-18b07d2d3d94",
            "title": "Duststrider",
            "slug": "duststrider-profession",
            "state": "public",
            "isWip": true,
            "isDraft": true,
            "entityClass": "Profession",
            "icon": "fa-hammer",
            "url": "https://www.worldanvil.com/w/the-green-tide-chamomileberry/a/duststrider-profession",
            "subscribergroups": [],
            "folderId": "04698454-66fd-4a8d-9c8d-cb075d239574",
            "tags": "",
            "updateDate": {
                "date": "2025-09-18 13:32:36.000000",
                "timezone_type": 3,
                "timezone": "Europe/London"
            }
        },
        {
            "id": "7c5cc817-1a1a-4621-9bb2-36fd742a8bee",
            "title": "Earthtender",
            "slug": "earthtender-profession",
            "state": "public",
            "isWip": true,
            "isDraft": true,
            "entityClass": "Profession",
            "icon": "fa-hammer",
            "url": "https://www.worldanvil.com/w/the-green-tide-chamomileberry/a/earthtender-profession",
            "subscribergroups": [],
            "folderId": "04698454-66fd-4a8d-9c8d-cb075d239574",
            "tags": "",
            "updateDate": {
                "date": "2025-09-18 13:56:50.000000",
                "timezone_type": 3,
                "timezone": "Europe/London"
            }
        },
        {
            "id": "22630463-21d1-43f0-850f-e7a98906f076",
            "title": "Flamestoker",
            "slug": "flamestoker-profession",
            "state": "public",
            "isWip": true,
            "isDraft": true,
            "entityClass": "Profession",
            "icon": "fa-hammer",
            "url": "https://www.worldanvil.com/w/the-green-tide-chamomileberry/a/flamestoker-profession",
            "subscribergroups": [],
            "folderId": "04698454-66fd-4a8d-9c8d-cb075d239574",
            "tags": "",
            "updateDate": {
                "date": "2025-09-18 13:38:06.000000",
                "timezone_type": 3,
                "timezone": "Europe/London"
            }
        },
        {
            "id": "81bc4c8b-4b7c-4107-9c6a-d7f265626f9c",
            "title": "Saltbreakers",
            "slug": "saltbreakers-profession",
            "state": "public",
            "isWip": true,
            "isDraft": true,
            "entityClass": "Profession",
            "icon": "fa-hammer",
            "url": "https://www.worldanvil.com/w/the-green-tide-chamomileberry/a/saltbreakers-profession",
            "subscribergroups": [],
            "folderId": "04698454-66fd-4a8d-9c8d-cb075d239574",
            "tags": "",
            "updateDate": {
                "date": "2025-09-18 13:30:36.000000",
                "timezone_type": 3,
                "timezone": "Europe/London"
            }
        },
        {
            "id": "2fa4bad1-9ba8-4511-b1f6-c5635998cc91",
            "title": "Stoneshapers",
            "slug": "stoneshapers-profession",
            "state": "public",
            "isWip": true,
            "isDraft": true,
            "entityClass": "Profession",
            "icon": "fa-hammer",
            "url": "https://www.worldanvil.com/w/the-green-tide-chamomileberry/a/stoneshapers-profession",
            "subscribergroups": [],
            "folderId": "04698454-66fd-4a8d-9c8d-cb075d239574",
            "tags": "",
            "updateDate": {
                "date": "2025-09-18 13:42:56.000000",
                "timezone_type": 3,
                "timezone": "Europe/London"
            }
        },
        {
            "id": "6f537e48-e4b4-4630-9f37-dbe65abb557c",
            "title": "Tiderunner",
            "slug": "tiderunner-profession",
            "state": "public",
            "isWip": true,
            "isDraft": true,
            "entityClass": "Profession",
            "icon": "fa-hammer",
            "url": "https://www.worldanvil.com/w/the-green-tide-chamomileberry/a/tiderunner-profession",
            "subscribergroups": [],
            "folderId": "04698454-66fd-4a8d-9c8d-cb075d239574",
            "tags": "",
            "updateDate": {
                "date": "2025-09-18 13:24:40.000000",
                "timezone_type": 3,
                "timezone": "Europe/London"
            }
        }
    ],
    "editURL": "https://www.worldanvil.com/world/category/04698454-66fd-4a8d-9c8d-cb075d239574/edit",
    "parsedDescription": "",
    "isEditable": true,
    "success": true
}