{
    "id": "ba086fde-06fd-4435-949d-afb116bfc933",
    "title": "Sentient Species",
    "slug": "sentient-species-category",
    "state": "public",
    "isWip": null,
    "isDraft": null,
    "entityClass": "Category",
    "icon": "fa-solid fa-folder",
    "url": "https://www.worldanvil.com/w/the-green-tide-chamomileberry/c/sentient-species-category",
    "subscribergroups": [],
    "folderId": null,
    "tags": null,
    "updateDate": {
        "date": "2025-09-12 16:15:06.000000",
        "timezone_type": 3,
        "timezone": "Europe/London"
    },
    "description": null,
    "excerpt": null,
    "isBook": false,
    "displayBookTitle": true,
    "isCollapsed": false,
    "position": null,
    "creationDate": {
        "date": "2025-09-12 16:15:06.000000",
        "timezone_type": 3,
        "timezone": "Europe/London"
    },
    "views": 4,
    "editor": "plutarch",
    "custom1": null,
    "custom2": null,
    "custom3": null,
    "custom4": null,
    "custom5": null,
    "cssClasses": null,
    "systemMeta": "{\"catCol1\":[\"custom1\"],\"catCol2\":[\"custom2\",\"toc\"],\"catCol3\":[\"custom3\",\"articleBlocks\"],\"catCol4\":[\"custom4\",\"maps\",\"timelines\"],\"catCol5\":[\"custom5\"]}",
    "pagecover": null,
    "bookcover": null,
    "defaultarticlecover": null,
    "parent": {
        "id": "12204eff-038a-48cf-897a-1f48c021f231",
        "title": "Species",
        "slug": "species-category",
        "state": "public",
        "isWip": null,
        "isDraft": null,
        "entityClass": "Category",
        "icon": "fa-solid fa-folder",
        "url": "https://www.worldanvil.com/w/the-green-tide-chamomileberry/c/species-category",
        "subscribergroups": [],
        "folderId": null,
        "tags": null,
        "updateDate": {
            "date": "2025-08-29 13:26:17.000000",
            "timezone_type": 3,
            "timezone": "Europe/London"
        }
    },
    "world": {
        "id": "864acfb5-95d4-444d-a85e-869554ea44eb",
        "title": "The Green Tide",
        "slug": "the-green-tide-chamomileberry",
        "state": "public",
        "isWip": null,
        "isDraft": null,
        "entityClass": "World",
        "icon": "fa-solid fa-globe-stand",
        "url": "https://www.worldanvil.com/w/the-green-tide-chamomileberry",
        "subscribergroups": [],
        "folderId": "-1",
        "tags": "",
        "updateDate": {
            "date": "2025-10-06 14:24:17.000000",
            "timezone_type": 3,
            "timezone": "Europe/London"
        }
    },
    "articleRedirect": null,
    "articles": [
        {
            "id": "dd57d978-d661-4f90-8ded-d39621665133",
            "title": "Human",
            "slug": "human-species",
            "state": "public",
            "isWip": true,
            "isDraft": true,
            "entityClass": "Species",
            "icon": "fa-person",
            "url": "https://www.worldanvil.com/w/the-green-tide-chamomileberry/a/human-species",
            "subscribergroups": [],
            "folderId": "ba086fde-06fd-4435-949d-afb116bfc933",
            "tags": "",
            "updateDate": {
                "date": "2025-08-29 14:53:11.000000",
                "timezone_type": 3,
                "timezone": "Europe/London"
            }
        },
        {
            "id": "16f2adc8-4098-4ca1-b7d4-0afcd4cf8322",
            "title": "Letharia",
            "slug": "letharia-species",
            "state": "public",
            "isWip": true,
            "isDraft": false,
            "entityClass": "Species",
            "icon": "fa-seedling",
            "url": "https://www.worldanvil.com/w/the-green-tide-chamomileberry/a/letharia-species",
            "subscribergroups": [],
            "folderId": "ba086fde-06fd-4435-949d-afb116bfc933",
            "tags": "",
            "updateDate": {
                "date": "2025-09-01 15:48:05.000000",
                "timezone_type": 3,
                "timezone": "Europe/London"
            }
        },
        {
            "id": "eff30c2a-24ac-4ad8-8b2e-cf8a89800b97",
            "title": "Rimeblood",
            "slug": "rimeblood-species",
            "state": "public",
            "isWip": true,
            "isDraft": false,
            "entityClass": "Species",
            "icon": "ra-frost-emblem",
            "url": "https://www.worldanvil.com/w/the-green-tide-chamomileberry/a/rimeblood-species",
            "subscribergroups": [],
            "folderId": "ba086fde-06fd-4435-949d-afb116bfc933",
            "tags": "",
            "updateDate": {
                "date": "2025-09-03 21:15:55.000000",
                "timezone_type": 3,
                "timezone": "Europe/London"
            }
        }
    ],
    "editURL": "https://www.worldanvil.com/world/category/ba086fde-06fd-4435-949d-afb116bfc933/edit",
    "parsedDescription": "",
    "isEditable": true,
    "success": true
}