{
    "id": "9ebfff24-3c40-4912-b512-e1a8b0da46cb",
    "title": "Animals",
    "slug": "animals-category-1",
    "state": "public",
    "isWip": null,
    "isDraft": null,
    "entityClass": "Category",
    "icon": "fa-solid fa-folder",
    "url": "https://www.worldanvil.com/w/the-green-tide-chamomileberry/c/animals-category-1",
    "subscribergroups": [],
    "folderId": null,
    "tags": null,
    "updateDate": {
        "date": "2025-09-12 16:13:19.000000",
        "timezone_type": 3,
        "timezone": "Europe/London"
    },
    "description": null,
    "excerpt": null,
    "isBook": false,
    "displayBookTitle": true,
    "isCollapsed": false,
    "position": null,
    "creationDate": {
        "date": "2025-09-12 16:13:19.000000",
        "timezone_type": 3,
        "timezone": "Europe/London"
    },
    "views": 3,
    "editor": "plutarch",
    "custom1": null,
    "custom2": null,
    "custom3": null,
    "custom4": null,
    "custom5": null,
    "cssClasses": null,
    "systemMeta": "{\"catCol1\":[\"custom1\"],\"catCol2\":[\"custom2\",\"toc\"],\"catCol3\":[\"custom3\",\"articleBlocks\"],\"catCol4\":[\"custom4\",\"maps\",\"timelines\"],\"catCol5\":[\"custom5\"]}",
    "pagecover": null,
    "bookcover": null,
    "defaultarticlecover": null,
    "parent": {
        "id": "12204eff-038a-48cf-897a-1f48c021f231",
        "title": "Species",
        "slug": "species-category",
        "state": "public",
        "isWip": null,
        "isDraft": null,
        "entityClass": "Category",
        "icon": "fa-solid fa-folder",
        "url": "https://www.worldanvil.com/w/the-green-tide-chamomileberry/c/species-category",
        "subscribergroups": [],
        "folderId": null,
        "tags": null,
        "updateDate": {
            "date": "2025-08-29 13:26:17.000000",
            "timezone_type": 3,
            "timezone": "Europe/London"
        }
    },
    "world": {
        "id": "864acfb5-95d4-444d-a85e-869554ea44eb",
        "title": "The Green Tide",
        "slug": "the-green-tide-chamomileberry",
        "state": "public",
        "isWip": null,
        "isDraft": null,
        "entityClass": "World",
        "icon": "fa-solid fa-globe-stand",
        "url": "https://www.worldanvil.com/w/the-green-tide-chamomileberry",
        "subscribergroups": [],
        "folderId": "-1",
        "tags": "",
        "updateDate": {
            "date": "2025-10-06 14:24:17.000000",
            "timezone_type": 3,
            "timezone": "Europe/London"
        }
    },
    "articleRedirect": null,
    "articles": [
        {
            "id": "c0ca6757-a79f-4165-9ac5-bdefe2f4e27f",
            "title": "Badwater Snail",
            "slug": "badwater-snail-species",
            "state": "public",
            "isWip": true,
            "isDraft": true,
            "entityClass": "Species",
            "icon": "ra-snail",
            "url": "https://www.worldanvil.com/w/the-green-tide-chamomileberry/a/badwater-snail-species",
            "subscribergroups": [],
            "folderId": "9ebfff24-3c40-4912-b512-e1a8b0da46cb",
            "tags": "nativespecies",
            "updateDate": {
                "date": "2025-09-12 16:30:35.000000",
                "timezone_type": 3,
                "timezone": "Europe/London"
            }
        },
        {
            "id": "cff2f8b5-9cc9-45f9-b34a-4e358fd9ab9c",
            "title": "Bighorn Sheep",
            "slug": "bighorn-sheep-species-1",
            "state": "public",
            "isWip": true,
            "isDraft": true,
            "entityClass": "Species",
            "icon": "fa-ram",
            "url": "https://www.worldanvil.com/w/the-green-tide-chamomileberry/a/bighorn-sheep-species-1",
            "subscribergroups": [],
            "folderId": "9ebfff24-3c40-4912-b512-e1a8b0da46cb",
            "tags": "nativespecies",
            "updateDate": {
                "date": "2025-09-12 16:20:36.000000",
                "timezone_type": 3,
                "timezone": "Europe/London"
            }
        },
        {
            "id": "fdcf9d59-ec8f-4d61-a388-d8ffe7a2207d",
            "title": "Bloomfrog",
            "slug": "bloomfrog-species",
            "state": "public",
            "isWip": true,
            "isDraft": false,
            "entityClass": "Species",
            "icon": "fa-frog",
            "url": "https://www.worldanvil.com/w/the-green-tide-chamomileberry/a/bloomfrog-species",
            "subscribergroups": [],
            "folderId": "9ebfff24-3c40-4912-b512-e1a8b0da46cb",
            "tags": "mutatedspecies",
            "updateDate": {
                "date": "2025-09-12 16:27:16.000000",
                "timezone_type": 3,
                "timezone": "Europe/London"
            }
        },
        {
            "id": "f68ec56c-ba69-42ea-af65-b5101cd33323",
            "title": "Bramble Strider",
            "slug": "bramble-strider-species",
            "state": "public",
            "isWip": true,
            "isDraft": true,
            "entityClass": "Species",
            "icon": "ra-bird-claw",
            "url": "https://www.worldanvil.com/w/the-green-tide-chamomileberry/a/bramble-strider-species",
            "subscribergroups": [],
            "folderId": "9ebfff24-3c40-4912-b512-e1a8b0da46cb",
            "tags": "mutatedspecies",
            "updateDate": {
                "date": "2025-09-12 17:11:42.000000",
                "timezone_type": 3,
                "timezone": "Europe/London"
            }
        },
        {
            "id": "f862a75d-86e8-412d-8c75-5e6a619dff48",
            "title": "Burro",
            "slug": "burro-species",
            "state": "public",
            "isWip": true,
            "isDraft": true,
            "entityClass": "Species",
            "icon": "fa-horse-saddle",
            "url": "https://www.worldanvil.com/w/the-green-tide-chamomileberry/a/burro-species",
            "subscribergroups": [],
            "folderId": "9ebfff24-3c40-4912-b512-e1a8b0da46cb",
            "tags": "non-nativespecies",
            "updateDate": {
                "date": "2025-09-17 18:48:38.000000",
                "timezone_type": 3,
                "timezone": "Europe/London"
            }
        },
        {
            "id": "cf5f1442-3660-4dd7-bd33-fb70a7ed02fd",
            "title": "Coyote",
            "slug": "coyote-species",
            "state": "public",
            "isWip": true,
            "isDraft": true,
            "entityClass": "Species",
            "icon": "fa-paw",
            "url": "https://www.worldanvil.com/w/the-green-tide-chamomileberry/a/coyote-species",
            "subscribergroups": [],
            "folderId": "9ebfff24-3c40-4912-b512-e1a8b0da46cb",
            "tags": "nativespecies",
            "updateDate": {
                "date": "2025-09-12 16:12:20.000000",
                "timezone_type": 3,
                "timezone": "Europe/London"
            }
        },
        {
            "id": "a8736164-b188-4183-aec5-5fd046fbb7d1",
            "title": "Desert Tortoise",
            "slug": "desert-tortoise-species",
            "state": "public",
            "isWip": true,
            "isDraft": true,
            "entityClass": "Species",
            "icon": "fa-turtle",
            "url": "https://www.worldanvil.com/w/the-green-tide-chamomileberry/a/desert-tortoise-species",
            "subscribergroups": [],
            "folderId": "9ebfff24-3c40-4912-b512-e1a8b0da46cb",
            "tags": "nativespecies",
            "updateDate": {
                "date": "2025-09-12 16:33:02.000000",
                "timezone_type": 3,
                "timezone": "Europe/London"
            }
        },
        {
            "id": "476b618a-f70b-4be6-a710-38f8e3191495",
            "title": "Dune Scorpion",
            "slug": "dune-scorpion-species",
            "state": "public",
            "isWip": true,
            "isDraft": true,
            "entityClass": "Species",
            "icon": "ra-insect-jaws",
            "url": "https://www.worldanvil.com/w/the-green-tide-chamomileberry/a/dune-scorpion-species",
            "subscribergroups": [],
            "folderId": "9ebfff24-3c40-4912-b512-e1a8b0da46cb",
            "tags": "nativespecies",
            "updateDate": {
                "date": "2025-09-12 16:36:01.000000",
                "timezone_type": 3,
                "timezone": "Europe/London"
            }
        },
        {
            "id": "35793714-d280-4ef5-abea-3c22c66e0381",
            "title": "Gilded Sphinx",
            "slug": "gilded-sphinx-species",
            "state": "public",
            "isWip": true,
            "isDraft": false,
            "entityClass": "Species",
            "icon": "ra-beetle",
            "url": "https://www.worldanvil.com/w/the-green-tide-chamomileberry/a/gilded-sphinx-species",
            "subscribergroups": [],
            "folderId": "9ebfff24-3c40-4912-b512-e1a8b0da46cb",
            "tags": "mutatedspecies",
            "updateDate": {
                "date": "2025-09-12 16:27:30.000000",
                "timezone_type": 3,
                "timezone": "Europe/London"
            }
        },
        {
            "id": "ea4f7b32-4624-4abe-9193-cc688c59518c",
            "title": "Greater Roadrunner",
            "slug": "greater-roadrunner-species",
            "state": "public",
            "isWip": true,
            "isDraft": true,
            "entityClass": "Species",
            "icon": "fa-feather-pointed",
            "url": "https://www.worldanvil.com/w/the-green-tide-chamomileberry/a/greater-roadrunner-species",
            "subscribergroups": [],
            "folderId": "9ebfff24-3c40-4912-b512-e1a8b0da46cb",
            "tags": "nativespecies",
            "updateDate": {
                "date": "2025-09-12 16:37:45.000000",
                "timezone_type": 3,
                "timezone": "Europe/London"
            }
        },
        {
            "id": "b37f62ee-3a79-4e63-a607-d7817a22aa9e",
            "title": "Kelp Keeper",
            "slug": "kelp-keeper-species",
            "state": "public",
            "isWip": true,
            "isDraft": false,
            "entityClass": "Species",
            "icon": "fa-water",
            "url": "https://www.worldanvil.com/w/the-green-tide-chamomileberry/a/kelp-keeper-species",
            "subscribergroups": [],
            "folderId": "9ebfff24-3c40-4912-b512-e1a8b0da46cb",
            "tags": "mutatedspecies",
            "updateDate": {
                "date": "2025-09-12 16:27:42.000000",
                "timezone_type": 3,
                "timezone": "Europe/London"
            }
        },
        {
            "id": "57801061-9d18-4892-8c52-c362c9275364",
            "title": "Mountain Lion",
            "slug": "mountain-lion-species",
            "state": "public",
            "isWip": true,
            "isDraft": true,
            "entityClass": "Species",
            "icon": "fa-paw-claws",
            "url": "https://www.worldanvil.com/w/the-green-tide-chamomileberry/a/mountain-lion-species",
            "subscribergroups": [],
            "folderId": "9ebfff24-3c40-4912-b512-e1a8b0da46cb",
            "tags": "nativespecies",
            "updateDate": {
                "date": "2025-09-12 16:12:09.000000",
                "timezone_type": 3,
                "timezone": "Europe/London"
            }
        },
        {
            "id": "30fb11ce-b179-4f24-a705-5e930652c993",
            "title": "Spirehorn",
            "slug": "spirehorn-species",
            "state": "public",
            "isWip": true,
            "isDraft": false,
            "entityClass": "Species",
            "icon": "fa-ram",
            "url": "https://www.worldanvil.com/w/the-green-tide-chamomileberry/a/spirehorn-species",
            "subscribergroups": [],
            "folderId": "9ebfff24-3c40-4912-b512-e1a8b0da46cb",
            "tags": "mutatedspecies",
            "updateDate": {
                "date": "2025-09-12 16:28:10.000000",
                "timezone_type": 3,
                "timezone": "Europe/London"
            }
        },
        {
            "id": "2b1b7bf9-fb9e-4684-bc9a-349fe715cd25",
            "title": "Thornjack",
            "slug": "thornjack-species",
            "state": "public",
            "isWip": true,
            "isDraft": false,
            "entityClass": "Species",
            "icon": "fa-rabbit",
            "url": "https://www.worldanvil.com/w/the-green-tide-chamomileberry/a/thornjack-species",
            "subscribergroups": [],
            "folderId": "9ebfff24-3c40-4912-b512-e1a8b0da46cb",
            "tags": "mutatedspecies",
            "updateDate": {
                "date": "2025-09-12 16:28:20.000000",
                "timezone_type": 3,
                "timezone": "Europe/London"
            }
        },
        {
            "id": "c8222878-0bd9-488c-a096-0d78294ee62c",
            "title": "Western Banded Gecko",
            "slug": "western-banded-gecko-species",
            "state": "public",
            "isWip": true,
            "isDraft": true,
            "entityClass": "Species",
            "icon": "ra-gecko",
            "url": "https://www.worldanvil.com/w/the-green-tide-chamomileberry/a/western-banded-gecko-species",
            "subscribergroups": [],
            "folderId": "9ebfff24-3c40-4912-b512-e1a8b0da46cb",
            "tags": "",
            "updateDate": {
                "date": "2025-09-12 16:34:17.000000",
                "timezone_type": 3,
                "timezone": "Europe/London"
            }
        }
    ],
    "editURL": "https://www.worldanvil.com/world/category/9ebfff24-3c40-4912-b512-e1a8b0da46cb/edit",
    "parsedDescription": "",
    "isEditable": true,
    "success": true
}