{
    "id": "91bd4667-33a1-45e3-81ca-00c694ec811a",
    "title": "Diseases/Conditions",
    "slug": "diseases2Fconditions-category",
    "state": "public",
    "isWip": null,
    "isDraft": null,
    "entityClass": "Category",
    "icon": "fa-solid fa-folder",
    "url": "https://www.worldanvil.com/w/the-green-tide-chamomileberry/c/diseases2Fconditions-category",
    "subscribergroups": [],
    "folderId": null,
    "tags": null,
    "updateDate": {
        "date": "2025-08-24 14:36:28.000000",
        "timezone_type": 3,
        "timezone": "Europe/London"
    },
    "description": null,
    "excerpt": null,
    "isBook": false,
    "displayBookTitle": true,
    "isCollapsed": false,
    "position": 1000,
    "creationDate": {
        "date": "2025-08-24 14:36:28.000000",
        "timezone_type": 3,
        "timezone": "Europe/London"
    },
    "views": 2,
    "editor": null,
    "custom1": null,
    "custom2": null,
    "custom3": null,
    "custom4": null,
    "custom5": null,
    "cssClasses": null,
    "systemMeta": "{\"catCol1\":[\"custom1\"],\"catCol2\":[\"custom2\",\"toc\"],\"catCol3\":[\"custom3\",\"articleBlocks\"],\"catCol4\":[\"custom4\",\"maps\",\"timelines\"],\"catCol5\":[\"custom5\"]}",
    "pagecover": null,
    "bookcover": null,
    "defaultarticlecover": null,
    "parent": null,
    "world": {
        "id": "864acfb5-95d4-444d-a85e-869554ea44eb",
        "title": "The Green Tide",
        "slug": "the-green-tide-chamomileberry",
        "state": "public",
        "isWip": null,
        "isDraft": null,
        "entityClass": "World",
        "icon": "fa-solid fa-globe-stand",
        "url": "https://www.worldanvil.com/w/the-green-tide-chamomileberry",
        "subscribergroups": [],
        "folderId": "-1",
        "tags": "",
        "updateDate": {
            "date": "2025-10-06 14:24:17.000000",
            "timezone_type": 3,
            "timezone": "Europe/London"
        }
    },
    "articleRedirect": null,
    "articles": [
        {
            "id": "fa284cfa-7cb7-4f1c-9ecd-8ac248624388",
            "title": "Chronic Back Pain",
            "slug": "chronic-back-pain-condition",
            "state": "public",
            "isWip": true,
            "isDraft": true,
            "entityClass": "Condition",
            "icon": "fa-solid fa-file",
            "url": "https://www.worldanvil.com/w/the-green-tide-chamomileberry/a/chronic-back-pain-condition",
            "subscribergroups": [],
            "folderId": "91bd4667-33a1-45e3-81ca-00c694ec811a",
            "tags": null,
            "updateDate": {
                "date": "2025-08-30 19:34:17.000000",
                "timezone_type": 3,
                "timezone": "Europe/London"
            }
        },
        {
            "id": "c684d785-6800-49f7-a005-181b577f8d01",
            "title": "Green Sickness",
            "slug": "green-sickness-condition",
            "state": "public",
            "isWip": true,
            "isDraft": true,
            "entityClass": "Condition",
            "icon": "fa-biohazard",
            "url": "https://www.worldanvil.com/w/the-green-tide-chamomileberry/a/green-sickness-condition",
            "subscribergroups": [],
            "folderId": "91bd4667-33a1-45e3-81ca-00c694ec811a",
            "tags": "",
            "updateDate": {
                "date": "2025-09-12 17:22:12.000000",
                "timezone_type": 3,
                "timezone": "Europe/London"
            }
        },
        {
            "id": "41bf37ab-4a04-45df-8159-f359ebb65ebf",
            "title": "Hearing Loss",
            "slug": "hearing-loss-condition",
            "state": "public",
            "isWip": true,
            "isDraft": true,
            "entityClass": "Condition",
            "icon": "fa-solid fa-file",
            "url": "https://www.worldanvil.com/w/the-green-tide-chamomileberry/a/hearing-loss-condition",
            "subscribergroups": [],
            "folderId": "91bd4667-33a1-45e3-81ca-00c694ec811a",
            "tags": null,
            "updateDate": {
                "date": "2025-08-30 19:34:00.000000",
                "timezone_type": 3,
                "timezone": "Europe/London"
            }
        },
        {
            "id": "dc02e16b-3bc7-4e7b-b515-242bfae2544e",
            "title": "Spore Lung",
            "slug": "spore-lung-condition",
            "state": "public",
            "isWip": true,
            "isDraft": false,
            "entityClass": "Condition",
            "icon": "fa-biohazard",
            "url": "https://www.worldanvil.com/w/the-green-tide-chamomileberry/a/spore-lung-condition",
            "subscribergroups": [],
            "folderId": "91bd4667-33a1-45e3-81ca-00c694ec811a",
            "tags": "",
            "updateDate": {
                "date": "2025-08-21 22:22:00.000000",
                "timezone_type": 3,
                "timezone": "Europe/London"
            }
        }
    ],
    "editURL": "https://www.worldanvil.com/world/category/91bd4667-33a1-45e3-81ca-00c694ec811a/edit",
    "parsedDescription": "",
    "isEditable": true,
    "success": true
}