{
    "id": "265cdc94-67bd-4cff-af42-a872a6a3d250",
    "title": "Buildings",
    "slug": "buildings-category",
    "state": "public",
    "isWip": null,
    "isDraft": null,
    "entityClass": "Category",
    "icon": "fa-solid fa-folder",
    "url": "https://www.worldanvil.com/w/the-green-tide-chamomileberry/c/buildings-category",
    "subscribergroups": [],
    "folderId": null,
    "tags": null,
    "updateDate": {
        "date": "2025-08-29 13:27:05.000000",
        "timezone_type": 3,
        "timezone": "Europe/London"
    },
    "description": null,
    "excerpt": null,
    "isBook": false,
    "displayBookTitle": true,
    "isCollapsed": false,
    "position": 950,
    "creationDate": {
        "date": "2025-08-29 13:27:05.000000",
        "timezone_type": 3,
        "timezone": "Europe/London"
    },
    "views": 3,
    "editor": "plutarch",
    "custom1": null,
    "custom2": null,
    "custom3": null,
    "custom4": null,
    "custom5": null,
    "cssClasses": null,
    "systemMeta": "{\"catCol1\":[\"custom1\"],\"catCol2\":[\"custom2\",\"toc\"],\"catCol3\":[\"custom3\",\"articleBlocks\"],\"catCol4\":[\"custom4\",\"maps\",\"timelines\"],\"catCol5\":[\"custom5\"]}",
    "pagecover": null,
    "bookcover": null,
    "defaultarticlecover": null,
    "parent": null,
    "world": {
        "id": "864acfb5-95d4-444d-a85e-869554ea44eb",
        "title": "The Green Tide",
        "slug": "the-green-tide-chamomileberry",
        "state": "public",
        "isWip": null,
        "isDraft": null,
        "entityClass": "World",
        "icon": "fa-solid fa-globe-stand",
        "url": "https://www.worldanvil.com/w/the-green-tide-chamomileberry",
        "subscribergroups": [],
        "folderId": "-1",
        "tags": "",
        "updateDate": {
            "date": "2025-10-06 14:24:17.000000",
            "timezone_type": 3,
            "timezone": "Europe/London"
        }
    },
    "articleRedirect": null,
    "articles": [
        {
            "id": "4a9b7abe-aed1-411d-9851-5170fe6c9e19",
            "title": "Badlands Water Tower",
            "slug": "badlands-water-tower-landmark",
            "state": "public",
            "isWip": true,
            "isDraft": true,
            "entityClass": "Landmark",
            "icon": "ra-water-drop",
            "url": "https://www.worldanvil.com/w/the-green-tide-chamomileberry/a/badlands-water-tower-landmark",
            "subscribergroups": [],
            "folderId": "265cdc94-67bd-4cff-af42-a872a6a3d250",
            "tags": "",
            "updateDate": {
                "date": "2025-08-29 14:54:23.000000",
                "timezone_type": 3,
                "timezone": "Europe/London"
            }
        },
        {
            "id": "74e77ba0-08fe-4ed3-80b9-f2b596a4015b",
            "title": "Corvain Hut",
            "slug": "corvain-hut-landmark",
            "state": "public",
            "isWip": true,
            "isDraft": true,
            "entityClass": "Landmark",
            "icon": "fa-house",
            "url": "https://www.worldanvil.com/w/the-green-tide-chamomileberry/a/corvain-hut-landmark",
            "subscribergroups": [],
            "folderId": "265cdc94-67bd-4cff-af42-a872a6a3d250",
            "tags": "",
            "updateDate": {
                "date": "2025-08-29 19:08:51.000000",
                "timezone_type": 3,
                "timezone": "Europe/London"
            }
        },
        {
            "id": "707a67df-6f05-42f3-b364-238be9814ebc",
            "title": "Eastern Watchtower",
            "slug": "eastern-watchtower-landmark",
            "state": "public",
            "isWip": true,
            "isDraft": true,
            "entityClass": "Landmark",
            "icon": "fa-tower-control",
            "url": "https://www.worldanvil.com/w/the-green-tide-chamomileberry/a/eastern-watchtower-landmark",
            "subscribergroups": [],
            "folderId": "265cdc94-67bd-4cff-af42-a872a6a3d250",
            "tags": "",
            "updateDate": {
                "date": "2025-08-29 14:54:54.000000",
                "timezone_type": 3,
                "timezone": "Europe/London"
            }
        },
        {
            "id": "51053a97-c7c6-4771-bca9-00840b73fd52",
            "title": "Northern Archive Station",
            "slug": "northern-archive-station-landmark",
            "state": "public",
            "isWip": true,
            "isDraft": true,
            "entityClass": "Landmark",
            "icon": "fa-mountains",
            "url": "https://www.worldanvil.com/w/the-green-tide-chamomileberry/a/northern-archive-station-landmark",
            "subscribergroups": [],
            "folderId": "265cdc94-67bd-4cff-af42-a872a6a3d250",
            "tags": "",
            "updateDate": {
                "date": "2025-08-29 14:56:19.000000",
                "timezone_type": 3,
                "timezone": "Europe/London"
            }
        },
        {
            "id": "3aa85df2-d08e-4ed4-a6fc-6e51008c7860",
            "title": "Northern Watchtower",
            "slug": "northern-watchtower-landmark",
            "state": "public",
            "isWip": true,
            "isDraft": true,
            "entityClass": "Landmark",
            "icon": "fa-tower-control",
            "url": "https://www.worldanvil.com/w/the-green-tide-chamomileberry/a/northern-watchtower-landmark",
            "subscribergroups": [],
            "folderId": "265cdc94-67bd-4cff-af42-a872a6a3d250",
            "tags": "",
            "updateDate": {
                "date": "2025-08-29 14:55:17.000000",
                "timezone_type": 3,
                "timezone": "Europe/London"
            }
        },
        {
            "id": "07850a15-e2b4-48c7-8118-fd1c761f3869",
            "title": "Southern Watchtower",
            "slug": "southern-watchtower-landmark",
            "state": "public",
            "isWip": true,
            "isDraft": true,
            "entityClass": "Landmark",
            "icon": "fa-tower-control",
            "url": "https://www.worldanvil.com/w/the-green-tide-chamomileberry/a/southern-watchtower-landmark",
            "subscribergroups": [],
            "folderId": "265cdc94-67bd-4cff-af42-a872a6a3d250",
            "tags": "",
            "updateDate": {
                "date": "2025-08-29 14:55:07.000000",
                "timezone_type": 3,
                "timezone": "Europe/London"
            }
        },
        {
            "id": "b2d3e4b5-2819-4a18-92b9-1a0c3938632b",
            "title": "The Keeper's Den",
            "slug": "the-keeper-s-den-landmark",
            "state": "public",
            "isWip": true,
            "isDraft": false,
            "entityClass": "Landmark",
            "icon": "ra-desert-skull",
            "url": "https://www.worldanvil.com/w/the-green-tide-chamomileberry/a/the-keeper-s-den-landmark",
            "subscribergroups": [],
            "folderId": "265cdc94-67bd-4cff-af42-a872a6a3d250",
            "tags": "",
            "updateDate": {
                "date": "2025-08-30 18:21:05.000000",
                "timezone_type": 3,
                "timezone": "Europe/London"
            }
        },
        {
            "id": "e4a5f502-5668-4cf1-b21c-e36f56381b1e",
            "title": "Western Watchtower",
            "slug": "western-watchtower-landmark",
            "state": "public",
            "isWip": true,
            "isDraft": true,
            "entityClass": "Landmark",
            "icon": "fa-tower-control",
            "url": "https://www.worldanvil.com/w/the-green-tide-chamomileberry/a/western-watchtower-landmark",
            "subscribergroups": [],
            "folderId": "265cdc94-67bd-4cff-af42-a872a6a3d250",
            "tags": "",
            "updateDate": {
                "date": "2025-08-29 14:54:45.000000",
                "timezone_type": 3,
                "timezone": "Europe/London"
            }
        }
    ],
    "editURL": "https://www.worldanvil.com/world/category/265cdc94-67bd-4cff-af42-a872a6a3d250/edit",
    "parsedDescription": "",
    "isEditable": true,
    "success": true
}