{
    "id": "12204eff-038a-48cf-897a-1f48c021f231",
    "title": "Species",
    "slug": "species-category",
    "state": "public",
    "isWip": null,
    "isDraft": null,
    "entityClass": "Category",
    "icon": "fa-solid fa-folder",
    "url": "https://www.worldanvil.com/w/the-green-tide-chamomileberry/c/species-category",
    "subscribergroups": [],
    "folderId": null,
    "tags": null,
    "updateDate": {
        "date": "2025-08-29 13:26:17.000000",
        "timezone_type": 3,
        "timezone": "Europe/London"
    },
    "description": null,
    "excerpt": null,
    "isBook": false,
    "displayBookTitle": true,
    "isCollapsed": false,
    "position": 980,
    "creationDate": {
        "date": "2025-08-29 13:26:17.000000",
        "timezone_type": 3,
        "timezone": "Europe/London"
    },
    "views": 8,
    "editor": "plutarch",
    "custom1": null,
    "custom2": null,
    "custom3": null,
    "custom4": null,
    "custom5": null,
    "cssClasses": null,
    "systemMeta": "{\"catCol1\":[\"custom1\"],\"catCol2\":[\"custom2\",\"toc\"],\"catCol3\":[\"custom3\",\"articleBlocks\"],\"catCol4\":[\"custom4\",\"maps\",\"timelines\"],\"catCol5\":[\"custom5\"]}",
    "pagecover": null,
    "bookcover": null,
    "defaultarticlecover": null,
    "parent": null,
    "world": {
        "id": "864acfb5-95d4-444d-a85e-869554ea44eb",
        "title": "The Green Tide",
        "slug": "the-green-tide-chamomileberry",
        "state": "public",
        "isWip": null,
        "isDraft": null,
        "entityClass": "World",
        "icon": "fa-solid fa-globe-stand",
        "url": "https://www.worldanvil.com/w/the-green-tide-chamomileberry",
        "subscribergroups": [],
        "folderId": "-1",
        "tags": "",
        "updateDate": {
            "date": "2025-10-06 14:24:17.000000",
            "timezone_type": 3,
            "timezone": "Europe/London"
        }
    },
    "articleRedirect": null,
    "children": [
        {
            "id": "9ebfff24-3c40-4912-b512-e1a8b0da46cb",
            "title": "Animals",
            "slug": "animals-category-1",
            "state": "public",
            "isWip": null,
            "isDraft": null,
            "entityClass": "Category",
            "icon": "fa-solid fa-folder",
            "url": "https://www.worldanvil.com/w/the-green-tide-chamomileberry/c/animals-category-1",
            "subscribergroups": [],
            "folderId": null,
            "tags": null,
            "updateDate": {
                "date": "2025-09-12 16:13:19.000000",
                "timezone_type": 3,
                "timezone": "Europe/London"
            }
        },
        {
            "id": "b9f860dd-1e55-4837-936a-cfc6b5d3b4d8",
            "title": "Plants",
            "slug": "plants-category",
            "state": "public",
            "isWip": null,
            "isDraft": null,
            "entityClass": "Category",
            "icon": "fa-solid fa-folder",
            "url": "https://www.worldanvil.com/w/the-green-tide-chamomileberry/c/plants-category",
            "subscribergroups": [],
            "folderId": null,
            "tags": null,
            "updateDate": {
                "date": "2025-09-12 16:13:50.000000",
                "timezone_type": 3,
                "timezone": "Europe/London"
            }
        },
        {
            "id": "ba086fde-06fd-4435-949d-afb116bfc933",
            "title": "Sentient Species",
            "slug": "sentient-species-category",
            "state": "public",
            "isWip": null,
            "isDraft": null,
            "entityClass": "Category",
            "icon": "fa-solid fa-folder",
            "url": "https://www.worldanvil.com/w/the-green-tide-chamomileberry/c/sentient-species-category",
            "subscribergroups": [],
            "folderId": null,
            "tags": null,
            "updateDate": {
                "date": "2025-09-12 16:15:06.000000",
                "timezone_type": 3,
                "timezone": "Europe/London"
            }
        }
    ],
    "articles": [
        {
            "id": "d0f80e98-71bb-4259-8e91-5651bd463ad1",
            "title": "Agave",
            "slug": "agave-species",
            "state": "public",
            "isWip": true,
            "isDraft": false,
            "entityClass": "Species",
            "icon": "fa-spa",
            "url": "https://www.worldanvil.com/w/the-green-tide-chamomileberry/a/agave-species",
            "subscribergroups": [],
            "folderId": "12204eff-038a-48cf-897a-1f48c021f231",
            "tags": "",
            "updateDate": {
                "date": "2025-09-17 14:51:13.000000",
                "timezone_type": 3,
                "timezone": "Europe/London"
            }
        },
        {
            "id": "a6dced4b-b15e-4732-9906-9c63a6a9cf54",
            "title": "Bighorn Sheep",
            "slug": "bighorn-sheep-species",
            "state": "public",
            "isWip": true,
            "isDraft": true,
            "entityClass": "Species",
            "icon": "fa-ram",
            "url": "https://www.worldanvil.com/w/the-green-tide-chamomileberry/a/bighorn-sheep-species",
            "subscribergroups": [],
            "folderId": "12204eff-038a-48cf-897a-1f48c021f231",
            "tags": "",
            "updateDate": {
                "date": "2025-09-08 18:20:17.000000",
                "timezone_type": 3,
                "timezone": "Europe/London"
            }
        },
        {
            "id": "7d4749aa-9200-4909-bc12-858063c90e7a",
            "title": "Sidewinder Rattlesnake",
            "slug": "sidewinder-rattlesnake-species",
            "state": "public",
            "isWip": true,
            "isDraft": true,
            "entityClass": "Species",
            "icon": "ra-snake",
            "url": "https://www.worldanvil.com/w/the-green-tide-chamomileberry/a/sidewinder-rattlesnake-species",
            "subscribergroups": [],
            "folderId": "12204eff-038a-48cf-897a-1f48c021f231",
            "tags": "nativespecies",
            "updateDate": {
                "date": "2025-09-12 16:27:57.000000",
                "timezone_type": 3,
                "timezone": "Europe/London"
            }
        },
        {
            "id": "fae3cfef-f4b3-4fce-86c7-3611cda3b496",
            "title": "The Hollowed",
            "slug": "the-hollowed-species",
            "state": "public",
            "isWip": true,
            "isDraft": true,
            "entityClass": "Species",
            "icon": "ra-dead-tree",
            "url": "https://www.worldanvil.com/w/the-green-tide-chamomileberry/a/the-hollowed-species",
            "subscribergroups": [],
            "folderId": "12204eff-038a-48cf-897a-1f48c021f231",
            "tags": "",
            "updateDate": {
                "date": "2025-09-12 17:43:23.000000",
                "timezone_type": 3,
                "timezone": "Europe/London"
            }
        }
    ],
    "editURL": "https://www.worldanvil.com/world/category/12204eff-038a-48cf-897a-1f48c021f231/edit",
    "parsedDescription": "",
    "isEditable": true,
    "success": true
}