{
    "id": "9c40cfb3-d81a-4208-a5b8-7ad52cfb5c08",
    "title": "Characters",
    "slug": "characters-category",
    "state": "public",
    "isWip": null,
    "isDraft": null,
    "entityClass": "Category",
    "icon": "fa-solid fa-folder",
    "url": "https://www.worldanvil.com/w/the-green-tide-chamomileberry/c/characters-category",
    "subscribergroups": [],
    "folderId": null,
    "tags": null,
    "updateDate": {
        "date": "2025-08-20 22:05:09.000000",
        "timezone_type": 3,
        "timezone": "Europe/London"
    },
    "description": null,
    "excerpt": null,
    "isBook": false,
    "displayBookTitle": true,
    "isCollapsed": false,
    "position": 1000,
    "creationDate": {
        "date": "2025-08-20 22:05:09.000000",
        "timezone_type": 3,
        "timezone": "Europe/London"
    },
    "views": 6,
    "editor": null,
    "custom1": null,
    "custom2": null,
    "custom3": null,
    "custom4": null,
    "custom5": null,
    "cssClasses": null,
    "systemMeta": "{\"catCol1\":[\"custom1\"],\"catCol2\":[\"custom2\",\"toc\"],\"catCol3\":[\"custom3\",\"articleBlocks\"],\"catCol4\":[\"custom4\",\"maps\",\"timelines\"],\"catCol5\":[\"custom5\"]}",
    "pagecover": null,
    "bookcover": null,
    "defaultarticlecover": null,
    "parent": null,
    "world": {
        "id": "864acfb5-95d4-444d-a85e-869554ea44eb",
        "title": "The Green Tide",
        "slug": "the-green-tide-chamomileberry",
        "state": "public",
        "isWip": null,
        "isDraft": null,
        "entityClass": "World",
        "icon": "fa-solid fa-globe-stand",
        "url": "https://www.worldanvil.com/w/the-green-tide-chamomileberry",
        "subscribergroups": [],
        "folderId": "-1",
        "tags": "",
        "updateDate": {
            "date": "2025-10-06 14:24:17.000000",
            "timezone_type": 3,
            "timezone": "Europe/London"
        }
    },
    "articleRedirect": null,
    "articles": [
        {
            "id": "7f68d1f5-c30b-43ed-ab9c-68ea32484c39",
            "title": "Armando González",
            "slug": "armando-gonzalez-person",
            "state": "public",
            "isWip": true,
            "isDraft": true,
            "entityClass": "Person",
            "icon": "ra-dead-tree",
            "url": "https://www.worldanvil.com/w/the-green-tide-chamomileberry/a/armando-gonzalez-person",
            "subscribergroups": [],
            "folderId": "9c40cfb3-d81a-4208-a5b8-7ad52cfb5c08",
            "tags": "",
            "updateDate": {
                "date": "2025-08-29 14:28:17.000000",
                "timezone_type": 3,
                "timezone": "Europe/London"
            }
        },
        {
            "id": "7a07a6b3-19b6-43c8-89f0-bb994a32d0ae",
            "title": "Ashton Langford",
            "slug": "ashton-langford-person",
            "state": "public",
            "isWip": true,
            "isDraft": true,
            "entityClass": "Person",
            "icon": "fa-solid fa-user-crown",
            "url": "https://www.worldanvil.com/w/the-green-tide-chamomileberry/a/ashton-langford-person",
            "subscribergroups": [],
            "folderId": "9c40cfb3-d81a-4208-a5b8-7ad52cfb5c08",
            "tags": "",
            "updateDate": {
                "date": "2025-09-03 20:33:28.000000",
                "timezone_type": 3,
                "timezone": "Europe/London"
            }
        },
        {
            "id": "1df7a6c4-4424-4501-810e-056fff63865c",
            "title": "Clara Corvain",
            "slug": "clara-corvain-person",
            "state": "public",
            "isWip": true,
            "isDraft": true,
            "entityClass": "Person",
            "icon": "ra-dead-tree",
            "url": "https://www.worldanvil.com/w/the-green-tide-chamomileberry/a/clara-corvain-person",
            "subscribergroups": [],
            "folderId": "9c40cfb3-d81a-4208-a5b8-7ad52cfb5c08",
            "tags": "",
            "updateDate": {
                "date": "2025-08-29 14:15:52.000000",
                "timezone_type": 3,
                "timezone": "Europe/London"
            }
        },
        {
            "id": "3b68e2ce-ddc1-4cdf-b0c9-83436a71607d",
            "title": "Corina Rodenberg",
            "slug": "corina-rodenberg-person",
            "state": "public",
            "isWip": true,
            "isDraft": true,
            "entityClass": "Person",
            "icon": "ra-dead-tree",
            "url": "https://www.worldanvil.com/w/the-green-tide-chamomileberry/a/corina-rodenberg-person",
            "subscribergroups": [],
            "folderId": "9c40cfb3-d81a-4208-a5b8-7ad52cfb5c08",
            "tags": "",
            "updateDate": {
                "date": "2025-08-29 14:13:33.000000",
                "timezone_type": 3,
                "timezone": "Europe/London"
            }
        },
        {
            "id": "86781dba-edb4-4b28-8f69-67ced639e9fd",
            "title": "Dr. Aaron Thorne",
            "slug": "dr-aaron-thorne-person",
            "state": "public",
            "isWip": true,
            "isDraft": true,
            "entityClass": "Person",
            "icon": "fa-person",
            "url": "https://www.worldanvil.com/w/the-green-tide-chamomileberry/a/dr-aaron-thorne-person",
            "subscribergroups": [],
            "folderId": "9c40cfb3-d81a-4208-a5b8-7ad52cfb5c08",
            "tags": "",
            "updateDate": {
                "date": "2025-08-29 14:35:22.000000",
                "timezone_type": 3,
                "timezone": "Europe/London"
            }
        },
        {
            "id": "f3eb56e9-edfb-46fd-b7eb-1995eac52bf8",
            "title": "Dr. Elan Thorne",
            "slug": "dr-elan-thorne-person",
            "state": "public",
            "isWip": true,
            "isDraft": false,
            "entityClass": "Person",
            "icon": "fa-person-dress",
            "url": "https://www.worldanvil.com/w/the-green-tide-chamomileberry/a/dr-elan-thorne-person",
            "subscribergroups": [],
            "folderId": "9c40cfb3-d81a-4208-a5b8-7ad52cfb5c08",
            "tags": "",
            "updateDate": {
                "date": "2025-08-30 21:15:13.000000",
                "timezone_type": 3,
                "timezone": "Europe/London"
            }
        },
        {
            "id": "7b65eca1-2e28-4980-823d-1c59da42891a",
            "title": "Garnett McAllister",
            "slug": "garnett-mcallister-person",
            "state": "public",
            "isWip": true,
            "isDraft": false,
            "entityClass": "Person",
            "icon": "fa-person-dress",
            "url": "https://www.worldanvil.com/w/the-green-tide-chamomileberry/a/garnett-mcallister-person",
            "subscribergroups": [],
            "folderId": "9c40cfb3-d81a-4208-a5b8-7ad52cfb5c08",
            "tags": "",
            "updateDate": {
                "date": "2025-09-19 17:56:53.000000",
                "timezone_type": 3,
                "timezone": "Europe/London"
            }
        },
        {
            "id": "b5453078-6a1c-48f5-9607-c20e9c2753de",
            "title": "Henrik Rodenberg",
            "slug": "henrik-rodenberg-person",
            "state": "public",
            "isWip": true,
            "isDraft": false,
            "entityClass": "Person",
            "icon": "fa-child",
            "url": "https://www.worldanvil.com/w/the-green-tide-chamomileberry/a/henrik-rodenberg-person",
            "subscribergroups": [],
            "folderId": "9c40cfb3-d81a-4208-a5b8-7ad52cfb5c08",
            "tags": "",
            "updateDate": {
                "date": "2025-08-30 20:25:45.000000",
                "timezone_type": 3,
                "timezone": "Europe/London"
            }
        },
        {
            "id": "0f2c1843-6b7a-4ade-87c7-69fe35b3352a",
            "title": "Isaac Corvain",
            "slug": "isaac-corvain-person",
            "state": "public",
            "isWip": true,
            "isDraft": true,
            "entityClass": "Person",
            "icon": "ra-dead-tree",
            "url": "https://www.worldanvil.com/w/the-green-tide-chamomileberry/a/isaac-corvain-person",
            "subscribergroups": [],
            "folderId": "9c40cfb3-d81a-4208-a5b8-7ad52cfb5c08",
            "tags": "",
            "updateDate": {
                "date": "2025-08-29 14:17:10.000000",
                "timezone_type": 3,
                "timezone": "Europe/London"
            }
        },
        {
            "id": "0053de12-2fe8-4eed-8f20-39fd35419d7e",
            "title": "Juniper Corvain",
            "slug": "juniper-corvain-person",
            "state": "public",
            "isWip": true,
            "isDraft": false,
            "entityClass": "Person",
            "icon": "fa-person-dress",
            "url": "https://www.worldanvil.com/w/the-green-tide-chamomileberry/a/juniper-corvain-person",
            "subscribergroups": [],
            "folderId": "9c40cfb3-d81a-4208-a5b8-7ad52cfb5c08",
            "tags": "protagonist",
            "updateDate": {
                "date": "2025-08-29 18:39:56.000000",
                "timezone_type": 3,
                "timezone": "Europe/London"
            }
        },
        {
            "id": "7551ea5c-e9c0-42a5-9377-984fd560ef33",
            "title": "Kenna McAllister",
            "slug": "kenna-mcallister-person",
            "state": "public",
            "isWip": true,
            "isDraft": true,
            "entityClass": "Person",
            "icon": "fa-person-dress",
            "url": "https://www.worldanvil.com/w/the-green-tide-chamomileberry/a/kenna-mcallister-person",
            "subscribergroups": [],
            "folderId": "9c40cfb3-d81a-4208-a5b8-7ad52cfb5c08",
            "tags": "",
            "updateDate": {
                "date": "2025-09-19 17:49:37.000000",
                "timezone_type": 3,
                "timezone": "Europe/London"
            }
        },
        {
            "id": "526030f7-08b3-4cf8-a92b-29a543bf49f1",
            "title": "Luca Rodenberg",
            "slug": "luca-rodenberg-person",
            "state": "public",
            "isWip": true,
            "isDraft": true,
            "entityClass": "Person",
            "icon": "fa-child",
            "url": "https://www.worldanvil.com/w/the-green-tide-chamomileberry/a/luca-rodenberg-person",
            "subscribergroups": [],
            "folderId": "9c40cfb3-d81a-4208-a5b8-7ad52cfb5c08",
            "tags": "",
            "updateDate": {
                "date": "2025-08-30 21:20:47.000000",
                "timezone_type": 3,
                "timezone": "Europe/London"
            }
        },
        {
            "id": "ad5ecf80-91cd-4264-af19-bf224d3ea0bf",
            "title": "Luciana González",
            "slug": "luciana-gonzalez-person",
            "state": "public",
            "isWip": true,
            "isDraft": true,
            "entityClass": "Person",
            "icon": "fa-person-dress",
            "url": "https://www.worldanvil.com/w/the-green-tide-chamomileberry/a/luciana-gonzalez-person",
            "subscribergroups": [],
            "folderId": "9c40cfb3-d81a-4208-a5b8-7ad52cfb5c08",
            "tags": "",
            "updateDate": {
                "date": "2025-08-29 14:59:18.000000",
                "timezone_type": 3,
                "timezone": "Europe/London"
            }
        },
        {
            "id": "612c8814-06dc-49bb-ba1b-082b02ced221",
            "title": "Maelle Corvain",
            "slug": "maelle-corvain-person",
            "state": "public",
            "isWip": false,
            "isDraft": false,
            "entityClass": "Person",
            "icon": "fa-person-dress",
            "url": "https://www.worldanvil.com/w/the-green-tide-chamomileberry/a/maelle-corvain-person",
            "subscribergroups": [],
            "folderId": "9c40cfb3-d81a-4208-a5b8-7ad52cfb5c08",
            "tags": "",
            "updateDate": {
                "date": "2025-08-29 13:23:52.000000",
                "timezone_type": 3,
                "timezone": "Europe/London"
            }
        },
        {
            "id": "9fbe0116-257e-464c-8ab3-62b4299c2fc2",
            "title": "María González",
            "slug": "maria-gonzalez-person",
            "state": "public",
            "isWip": true,
            "isDraft": true,
            "entityClass": "Person",
            "icon": "fa-person-dress",
            "url": "https://www.worldanvil.com/w/the-green-tide-chamomileberry/a/maria-gonzalez-person",
            "subscribergroups": [],
            "folderId": "9c40cfb3-d81a-4208-a5b8-7ad52cfb5c08",
            "tags": "",
            "updateDate": {
                "date": "2025-08-29 15:00:52.000000",
                "timezone_type": 3,
                "timezone": "Europe/London"
            }
        },
        {
            "id": "1ec7ff1d-34c3-45d6-820e-d55da03f0045",
            "title": "Martina González",
            "slug": "martina-gonzalez-person",
            "state": "public",
            "isWip": true,
            "isDraft": true,
            "entityClass": "Person",
            "icon": "fa-person",
            "url": "https://www.worldanvil.com/w/the-green-tide-chamomileberry/a/martina-gonzalez-person",
            "subscribergroups": [],
            "folderId": "9c40cfb3-d81a-4208-a5b8-7ad52cfb5c08",
            "tags": "",
            "updateDate": {
                "date": "2025-08-29 14:03:57.000000",
                "timezone_type": 3,
                "timezone": "Europe/London"
            }
        },
        {
            "id": "29f2a3b6-e3e9-4d3f-b56f-b1c447326971",
            "title": "Mika",
            "slug": "mika-person",
            "state": "public",
            "isWip": true,
            "isDraft": false,
            "entityClass": "Person",
            "icon": "ra-dead-tree",
            "url": "https://www.worldanvil.com/w/the-green-tide-chamomileberry/a/mika-person",
            "subscribergroups": [],
            "folderId": "9c40cfb3-d81a-4208-a5b8-7ad52cfb5c08",
            "tags": "",
            "updateDate": {
                "date": "2025-08-30 14:08:17.000000",
                "timezone_type": 3,
                "timezone": "Europe/London"
            }
        },
        {
            "id": "fe2fa083-4a9a-4e0f-bd4a-ac635974903b",
            "title": "Milan Langford",
            "slug": "milan-langford-person",
            "state": "public",
            "isWip": true,
            "isDraft": true,
            "entityClass": "Person",
            "icon": "fa-person",
            "url": "https://www.worldanvil.com/w/the-green-tide-chamomileberry/a/milan-langford-person",
            "subscribergroups": [],
            "folderId": "9c40cfb3-d81a-4208-a5b8-7ad52cfb5c08",
            "tags": "",
            "updateDate": {
                "date": "2025-08-29 13:29:15.000000",
                "timezone_type": 3,
                "timezone": "Europe/London"
            }
        },
        {
            "id": "19670a74-544f-4c9b-9d71-e9d30d858b0c",
            "title": "Rory Webb",
            "slug": "rory-webb-person",
            "state": "public",
            "isWip": true,
            "isDraft": true,
            "entityClass": "Person",
            "icon": "fa-person-dress",
            "url": "https://www.worldanvil.com/w/the-green-tide-chamomileberry/a/rory-webb-person",
            "subscribergroups": [],
            "folderId": "9c40cfb3-d81a-4208-a5b8-7ad52cfb5c08",
            "tags": "",
            "updateDate": {
                "date": "2025-08-29 14:14:40.000000",
                "timezone_type": 3,
                "timezone": "Europe/London"
            }
        },
        {
            "id": "a7ddfc7b-be39-415f-ab95-857937821f74",
            "title": "Seamus McAllister",
            "slug": "seamus-mcallister-person",
            "state": "public",
            "isWip": true,
            "isDraft": false,
            "entityClass": "Person",
            "icon": "fa-child",
            "url": "https://www.worldanvil.com/w/the-green-tide-chamomileberry/a/seamus-mcallister-person",
            "subscribergroups": [],
            "folderId": "9c40cfb3-d81a-4208-a5b8-7ad52cfb5c08",
            "tags": "",
            "updateDate": {
                "date": "2025-09-19 17:58:48.000000",
                "timezone_type": 3,
                "timezone": "Europe/London"
            }
        },
        {
            "id": "d4d6d869-d3e9-4cc2-adce-27981f5b5343",
            "title": "Silvan Langford",
            "slug": "silvan-langford-person",
            "state": "public",
            "isWip": true,
            "isDraft": false,
            "entityClass": "Person",
            "icon": "fa-person",
            "url": "https://www.worldanvil.com/w/the-green-tide-chamomileberry/a/silvan-langford-person",
            "subscribergroups": [],
            "folderId": "9c40cfb3-d81a-4208-a5b8-7ad52cfb5c08",
            "tags": "",
            "updateDate": {
                "date": "2025-08-26 17:49:49.000000",
                "timezone_type": 3,
                "timezone": "Europe/London"
            }
        },
        {
            "id": "1c3911c5-e096-4efb-bda5-25f22058bb65",
            "title": "Sylvia Langford",
            "slug": "sylvia-langford-person",
            "state": "public",
            "isWip": true,
            "isDraft": true,
            "entityClass": "Person",
            "icon": "fa-person-dress",
            "url": "https://www.worldanvil.com/w/the-green-tide-chamomileberry/a/sylvia-langford-person",
            "subscribergroups": [],
            "folderId": "9c40cfb3-d81a-4208-a5b8-7ad52cfb5c08",
            "tags": "",
            "updateDate": {
                "date": "2025-08-29 13:28:54.000000",
                "timezone_type": 3,
                "timezone": "Europe/London"
            }
        },
        {
            "id": "45f85ce0-7aa8-42d1-a09c-0b136881ce1f",
            "title": "Zachary Webb",
            "slug": "zachary-webb-person",
            "state": "public",
            "isWip": true,
            "isDraft": true,
            "entityClass": "Person",
            "icon": "ra-dead-tree",
            "url": "https://www.worldanvil.com/w/the-green-tide-chamomileberry/a/zachary-webb-person",
            "subscribergroups": [],
            "folderId": "9c40cfb3-d81a-4208-a5b8-7ad52cfb5c08",
            "tags": "",
            "updateDate": {
                "date": "2025-08-29 14:14:57.000000",
                "timezone_type": 3,
                "timezone": "Europe/London"
            }
        }
    ],
    "editURL": "https://www.worldanvil.com/world/category/9c40cfb3-d81a-4208-a5b8-7ad52cfb5c08/edit",
    "parsedDescription": "",
    "isEditable": true,
    "success": true
}