{
    "id": "69eda64b-fc17-45b3-9252-c28b71ea8bfc",
    "title": "Keepers",
    "slug": "keepers-category",
    "state": "public",
    "isWip": null,
    "isDraft": null,
    "entityClass": "Category",
    "icon": "fa-solid fa-folder",
    "url": "https://www.worldanvil.com/w/the-green-tide-chamomileberry/c/keepers-category",
    "subscribergroups": [],
    "folderId": null,
    "tags": null,
    "updateDate": {
        "date": "2025-09-19 16:00:08.000000",
        "timezone_type": 3,
        "timezone": "Europe/London"
    },
    "description": null,
    "excerpt": null,
    "isBook": false,
    "displayBookTitle": true,
    "isCollapsed": false,
    "position": null,
    "creationDate": {
        "date": "2025-09-19 16:00:08.000000",
        "timezone_type": 3,
        "timezone": "Europe/London"
    },
    "views": null,
    "editor": "plutarch",
    "custom1": null,
    "custom2": null,
    "custom3": null,
    "custom4": null,
    "custom5": null,
    "cssClasses": null,
    "systemMeta": "{\"catCol1\":[\"custom1\"],\"catCol2\":[\"custom2\",\"toc\"],\"catCol3\":[\"custom3\",\"articleBlocks\"],\"catCol4\":[\"custom4\",\"maps\",\"timelines\"],\"catCol5\":[\"custom5\"]}",
    "pagecover": null,
    "bookcover": null,
    "defaultarticlecover": null,
    "parent": {
        "id": "04698454-66fd-4a8d-9c8d-cb075d239574",
        "title": "Professions",
        "slug": "professions-category",
        "state": "public",
        "isWip": null,
        "isDraft": null,
        "entityClass": "Category",
        "icon": "fa-solid fa-folder",
        "url": "https://www.worldanvil.com/w/the-green-tide-chamomileberry/c/professions-category",
        "subscribergroups": [],
        "folderId": null,
        "tags": null,
        "updateDate": {
            "date": "2025-09-19 15:52:54.000000",
            "timezone_type": 3,
            "timezone": "Europe/London"
        }
    },
    "world": {
        "id": "864acfb5-95d4-444d-a85e-869554ea44eb",
        "title": "The Green Tide",
        "slug": "the-green-tide-chamomileberry",
        "state": "public",
        "isWip": null,
        "isDraft": null,
        "entityClass": "World",
        "icon": "fa-solid fa-globe-stand",
        "url": "https://www.worldanvil.com/w/the-green-tide-chamomileberry",
        "subscribergroups": [],
        "folderId": "-1",
        "tags": "",
        "updateDate": {
            "date": "2025-10-06 14:24:17.000000",
            "timezone_type": 3,
            "timezone": "Europe/London"
        }
    },
    "articleRedirect": null,
    "articles": [
        {
            "id": "c8d8862a-d12a-4e15-ba18-9614696ce7bb",
            "title": "Bone Keeper",
            "slug": "bone-keeper-profession",
            "state": "public",
            "isWip": true,
            "isDraft": true,
            "entityClass": "Profession",
            "icon": "fa-hammer",
            "url": "https://www.worldanvil.com/w/the-green-tide-chamomileberry/a/bone-keeper-profession",
            "subscribergroups": [],
            "folderId": "69eda64b-fc17-45b3-9252-c28b71ea8bfc",
            "tags": "",
            "updateDate": {
                "date": "2025-09-19 15:51:07.000000",
                "timezone_type": 3,
                "timezone": "Europe/London"
            }
        },
        {
            "id": "99413641-428d-401a-bd66-a83d871784d4",
            "title": "Burro Keeper",
            "slug": "burro-keeper-profession",
            "state": "public",
            "isWip": true,
            "isDraft": true,
            "entityClass": "Profession",
            "icon": "fa-hammer",
            "url": "https://www.worldanvil.com/w/the-green-tide-chamomileberry/a/burro-keeper-profession",
            "subscribergroups": [],
            "folderId": "69eda64b-fc17-45b3-9252-c28b71ea8bfc",
            "tags": "",
            "updateDate": {
                "date": "2025-09-19 15:51:42.000000",
                "timezone_type": 3,
                "timezone": "Europe/London"
            }
        },
        {
            "id": "02d20482-d36f-4a52-88ff-bd726b867619",
            "title": "Dust Keeper",
            "slug": "dust-keeper-profession",
            "state": "public",
            "isWip": true,
            "isDraft": true,
            "entityClass": "Profession",
            "icon": "fa-hammer",
            "url": "https://www.worldanvil.com/w/the-green-tide-chamomileberry/a/dust-keeper-profession",
            "subscribergroups": [],
            "folderId": "69eda64b-fc17-45b3-9252-c28b71ea8bfc",
            "tags": "",
            "updateDate": {
                "date": "2025-09-19 15:50:50.000000",
                "timezone_type": 3,
                "timezone": "Europe/London"
            }
        },
        {
            "id": "5c8c6a24-6605-45d1-b1ce-41dc412e626b",
            "title": "Earth Keeper",
            "slug": "earth-keeper-profession",
            "state": "public",
            "isWip": true,
            "isDraft": true,
            "entityClass": "Profession",
            "icon": "fa-hammer",
            "url": "https://www.worldanvil.com/w/the-green-tide-chamomileberry/a/earth-keeper-profession",
            "subscribergroups": [],
            "folderId": "69eda64b-fc17-45b3-9252-c28b71ea8bfc",
            "tags": "",
            "updateDate": {
                "date": "2025-09-19 15:52:30.000000",
                "timezone_type": 3,
                "timezone": "Europe/London"
            }
        },
        {
            "id": "95d1aad3-0848-4d1b-85c4-e3cd53fa969c",
            "title": "Flame Keeper",
            "slug": "flame-keeper-profession",
            "state": "public",
            "isWip": true,
            "isDraft": true,
            "entityClass": "Profession",
            "icon": "fa-hammer",
            "url": "https://www.worldanvil.com/w/the-green-tide-chamomileberry/a/flame-keeper-profession",
            "subscribergroups": [],
            "folderId": "69eda64b-fc17-45b3-9252-c28b71ea8bfc",
            "tags": "",
            "updateDate": {
                "date": "2025-09-19 15:51:27.000000",
                "timezone_type": 3,
                "timezone": "Europe/London"
            }
        },
        {
            "id": "1235d50c-5d65-49f1-9c17-625bd0830aaf",
            "title": "Salt Keeper",
            "slug": "salt-keeper-profession",
            "state": "public",
            "isWip": true,
            "isDraft": true,
            "entityClass": "Profession",
            "icon": "fa-hammer",
            "url": "https://www.worldanvil.com/w/the-green-tide-chamomileberry/a/salt-keeper-profession",
            "subscribergroups": [],
            "folderId": "69eda64b-fc17-45b3-9252-c28b71ea8bfc",
            "tags": "",
            "updateDate": {
                "date": "2025-09-19 15:49:27.000000",
                "timezone_type": 3,
                "timezone": "Europe/London"
            }
        },
        {
            "id": "68a9c356-b116-47ba-a1dd-6003d72bffc4",
            "title": "Stone Keeper",
            "slug": "stone-keeper-profession",
            "state": "public",
            "isWip": true,
            "isDraft": true,
            "entityClass": "Profession",
            "icon": "fa-hammer",
            "url": "https://www.worldanvil.com/w/the-green-tide-chamomileberry/a/stone-keeper-profession",
            "subscribergroups": [],
            "folderId": "69eda64b-fc17-45b3-9252-c28b71ea8bfc",
            "tags": "",
            "updateDate": {
                "date": "2025-09-19 15:50:13.000000",
                "timezone_type": 3,
                "timezone": "Europe/London"
            }
        },
        {
            "id": "c5ae9fba-3ef0-4cb5-a32d-35f5daa8ad4b",
            "title": "Tide Keeper",
            "slug": "tide-keeper-profession",
            "state": "public",
            "isWip": true,
            "isDraft": true,
            "entityClass": "Profession",
            "icon": "fa-hammer",
            "url": "https://www.worldanvil.com/w/the-green-tide-chamomileberry/a/tide-keeper-profession",
            "subscribergroups": [],
            "folderId": "69eda64b-fc17-45b3-9252-c28b71ea8bfc",
            "tags": "",
            "updateDate": {
                "date": "2025-09-19 15:49:02.000000",
                "timezone_type": 3,
                "timezone": "Europe/London"
            }
        }
    ],
    "editURL": "https://www.worldanvil.com/world/category/69eda64b-fc17-45b3-9252-c28b71ea8bfc/edit",
    "parsedDescription": "",
    "isEditable": true,
    "success": true
}