{
    "id": "3e695d5d-ebb0-46ab-a299-719b614b25f0",
    "title": "Drink",
    "slug": "drink-category",
    "state": "public",
    "isWip": null,
    "isDraft": null,
    "entityClass": "Category",
    "icon": "fa-solid fa-folder",
    "url": "https://www.worldanvil.com/w/the-green-tide-chamomileberry/c/drink-category",
    "subscribergroups": [],
    "folderId": null,
    "tags": null,
    "updateDate": {
        "date": "2025-09-17 15:35:44.000000",
        "timezone_type": 3,
        "timezone": "Europe/London"
    },
    "description": null,
    "excerpt": null,
    "isBook": false,
    "displayBookTitle": true,
    "isCollapsed": false,
    "position": null,
    "creationDate": {
        "date": "2025-09-17 15:35:44.000000",
        "timezone_type": 3,
        "timezone": "Europe/London"
    },
    "views": null,
    "editor": "plutarch",
    "custom1": null,
    "custom2": null,
    "custom3": null,
    "custom4": null,
    "custom5": null,
    "cssClasses": null,
    "systemMeta": "{\"catCol1\":[\"custom1\"],\"catCol2\":[\"custom2\",\"toc\"],\"catCol3\":[\"custom3\",\"articleBlocks\"],\"catCol4\":[\"custom4\",\"maps\",\"timelines\"],\"catCol5\":[\"custom5\"]}",
    "pagecover": null,
    "bookcover": null,
    "defaultarticlecover": null,
    "parent": {
        "id": "4903eab7-dd2c-4db2-900c-17c4606a27cf",
        "title": "Cuisines",
        "slug": "cuisines-category",
        "state": "public",
        "isWip": null,
        "isDraft": null,
        "entityClass": "Category",
        "icon": "fa-solid fa-folder",
        "url": "https://www.worldanvil.com/w/the-green-tide-chamomileberry/c/cuisines-category",
        "subscribergroups": [],
        "folderId": null,
        "tags": null,
        "updateDate": {
            "date": "2025-09-17 15:35:32.000000",
            "timezone_type": 3,
            "timezone": "Europe/London"
        }
    },
    "world": {
        "id": "864acfb5-95d4-444d-a85e-869554ea44eb",
        "title": "The Green Tide",
        "slug": "the-green-tide-chamomileberry",
        "state": "public",
        "isWip": null,
        "isDraft": null,
        "entityClass": "World",
        "icon": "fa-solid fa-globe-stand",
        "url": "https://www.worldanvil.com/w/the-green-tide-chamomileberry",
        "subscribergroups": [],
        "folderId": "-1",
        "tags": "",
        "updateDate": {
            "date": "2025-10-06 14:24:17.000000",
            "timezone_type": 3,
            "timezone": "Europe/London"
        }
    },
    "articleRedirect": null,
    "articles": [
        {
            "id": "ea8dbc70-771e-4a1e-96e2-14ae1bc862ea",
            "title": "Honey Mesquite Tea",
            "slug": "honey-mesquite-tea-item",
            "state": "public",
            "isWip": true,
            "isDraft": true,
            "entityClass": "Item",
            "icon": "fa-mug-tea-saucer",
            "url": "https://www.worldanvil.com/w/the-green-tide-chamomileberry/a/honey-mesquite-tea-item",
            "subscribergroups": [],
            "folderId": "3e695d5d-ebb0-46ab-a299-719b614b25f0",
            "tags": "",
            "updateDate": {
                "date": "2025-09-17 15:20:45.000000",
                "timezone_type": 3,
                "timezone": "Europe/London"
            }
        }
    ],
    "editURL": "https://www.worldanvil.com/world/category/3e695d5d-ebb0-46ab-a299-719b614b25f0/edit",
    "parsedDescription": "",
    "isEditable": true,
    "success": true
}