{
    "id": "b9f860dd-1e55-4837-936a-cfc6b5d3b4d8",
    "title": "Plants",
    "slug": "plants-category",
    "state": "public",
    "isWip": null,
    "isDraft": null,
    "entityClass": "Category",
    "icon": "fa-solid fa-folder",
    "url": "https://www.worldanvil.com/w/the-green-tide-chamomileberry/c/plants-category",
    "subscribergroups": [],
    "folderId": null,
    "tags": null,
    "updateDate": {
        "date": "2025-09-12 16:13:50.000000",
        "timezone_type": 3,
        "timezone": "Europe/London"
    },
    "description": null,
    "excerpt": null,
    "isBook": false,
    "displayBookTitle": true,
    "isCollapsed": false,
    "position": null,
    "creationDate": {
        "date": "2025-09-12 16:13:50.000000",
        "timezone_type": 3,
        "timezone": "Europe/London"
    },
    "views": 2,
    "editor": "plutarch",
    "custom1": null,
    "custom2": null,
    "custom3": null,
    "custom4": null,
    "custom5": null,
    "cssClasses": null,
    "systemMeta": "{\"catCol1\":[\"custom1\"],\"catCol2\":[\"custom2\",\"toc\"],\"catCol3\":[\"custom3\",\"articleBlocks\"],\"catCol4\":[\"custom4\",\"maps\",\"timelines\"],\"catCol5\":[\"custom5\"]}",
    "pagecover": null,
    "bookcover": null,
    "defaultarticlecover": null,
    "parent": {
        "id": "12204eff-038a-48cf-897a-1f48c021f231",
        "title": "Species",
        "slug": "species-category",
        "state": "public",
        "isWip": null,
        "isDraft": null,
        "entityClass": "Category",
        "icon": "fa-solid fa-folder",
        "url": "https://www.worldanvil.com/w/the-green-tide-chamomileberry/c/species-category",
        "subscribergroups": [],
        "folderId": null,
        "tags": null,
        "updateDate": {
            "date": "2025-08-29 13:26:17.000000",
            "timezone_type": 3,
            "timezone": "Europe/London"
        }
    },
    "world": {
        "id": "864acfb5-95d4-444d-a85e-869554ea44eb",
        "title": "The Green Tide",
        "slug": "the-green-tide-chamomileberry",
        "state": "public",
        "isWip": null,
        "isDraft": null,
        "entityClass": "World",
        "icon": "fa-solid fa-globe-stand",
        "url": "https://www.worldanvil.com/w/the-green-tide-chamomileberry",
        "subscribergroups": [],
        "folderId": "-1",
        "tags": "",
        "updateDate": {
            "date": "2025-10-06 14:24:17.000000",
            "timezone_type": 3,
            "timezone": "Europe/London"
        }
    },
    "articleRedirect": null,
    "articles": [
        {
            "id": "f2c80059-cec6-47b3-a06d-407f85164ab9",
            "title": "Amber Bell",
            "slug": "amber-bell-species",
            "state": "public",
            "isWip": true,
            "isDraft": false,
            "entityClass": "Species",
            "icon": "fa-flower-tulip",
            "url": "https://www.worldanvil.com/w/the-green-tide-chamomileberry/a/amber-bell-species",
            "subscribergroups": [],
            "folderId": "b9f860dd-1e55-4837-936a-cfc6b5d3b4d8",
            "tags": "",
            "updateDate": {
                "date": "2025-09-09 20:00:01.000000",
                "timezone_type": 3,
                "timezone": "Europe/London"
            }
        },
        {
            "id": "550010fd-11d8-4674-a599-23e884dd7196",
            "title": "Arrow-weed",
            "slug": "arrow-weed-species",
            "state": "public",
            "isWip": true,
            "isDraft": true,
            "entityClass": "Species",
            "icon": "ra-arrow-flights",
            "url": "https://www.worldanvil.com/w/the-green-tide-chamomileberry/a/arrow-weed-species",
            "subscribergroups": [],
            "folderId": "b9f860dd-1e55-4837-936a-cfc6b5d3b4d8",
            "tags": "",
            "updateDate": {
                "date": "2025-09-17 18:04:17.000000",
                "timezone_type": 3,
                "timezone": "Europe/London"
            }
        },
        {
            "id": "9ebbda24-3b62-4c44-a080-92868ff2b578",
            "title": "Cattails",
            "slug": "cattails-species",
            "state": "public",
            "isWip": true,
            "isDraft": true,
            "entityClass": "Species",
            "icon": "fa-wheat",
            "url": "https://www.worldanvil.com/w/the-green-tide-chamomileberry/a/cattails-species",
            "subscribergroups": [],
            "folderId": "b9f860dd-1e55-4837-936a-cfc6b5d3b4d8",
            "tags": "",
            "updateDate": {
                "date": "2025-09-17 18:07:58.000000",
                "timezone_type": 3,
                "timezone": "Europe/London"
            }
        },
        {
            "id": "4f907719-bae9-4f11-a8f7-67fb31d1bc24",
            "title": "Common Reed",
            "slug": "common-reed-species",
            "state": "public",
            "isWip": true,
            "isDraft": true,
            "entityClass": "Species",
            "icon": "fa-wheat",
            "url": "https://www.worldanvil.com/w/the-green-tide-chamomileberry/a/common-reed-species",
            "subscribergroups": [],
            "folderId": "b9f860dd-1e55-4837-936a-cfc6b5d3b4d8",
            "tags": "",
            "updateDate": {
                "date": "2025-09-17 18:06:19.000000",
                "timezone_type": 3,
                "timezone": "Europe/London"
            }
        },
        {
            "id": "3a012b82-20c3-4f20-9e24-73d46de6bd88",
            "title": "Date Palm",
            "slug": "date-palm-species",
            "state": "public",
            "isWip": true,
            "isDraft": false,
            "entityClass": "Species",
            "icon": "ra-palm-tree",
            "url": "https://www.worldanvil.com/w/the-green-tide-chamomileberry/a/date-palm-species",
            "subscribergroups": [],
            "folderId": "b9f860dd-1e55-4837-936a-cfc6b5d3b4d8",
            "tags": "non-nativespecies",
            "updateDate": {
                "date": "2025-09-17 17:42:22.000000",
                "timezone_type": 3,
                "timezone": "Europe/London"
            }
        },
        {
            "id": "6c0da6da-cc57-4294-abcf-47a22419596a",
            "title": "Desert Purslane",
            "slug": "desert-purslane-species",
            "state": "public",
            "isWip": true,
            "isDraft": true,
            "entityClass": "Species",
            "icon": "fa-mortar-pestle",
            "url": "https://www.worldanvil.com/w/the-green-tide-chamomileberry/a/desert-purslane-species",
            "subscribergroups": [],
            "folderId": "b9f860dd-1e55-4837-936a-cfc6b5d3b4d8",
            "tags": "",
            "updateDate": {
                "date": "2025-09-17 19:19:22.000000",
                "timezone_type": 3,
                "timezone": "Europe/London"
            }
        },
        {
            "id": "a94f5d39-76af-45ef-9b64-ba55da4e4457",
            "title": "Desert Wolfberry",
            "slug": "desert-wolfberry-species",
            "state": "public",
            "isWip": true,
            "isDraft": true,
            "entityClass": "Species",
            "icon": "fa-blueberries",
            "url": "https://www.worldanvil.com/w/the-green-tide-chamomileberry/a/desert-wolfberry-species",
            "subscribergroups": [],
            "folderId": "b9f860dd-1e55-4837-936a-cfc6b5d3b4d8",
            "tags": "",
            "updateDate": {
                "date": "2025-09-17 18:01:20.000000",
                "timezone_type": 3,
                "timezone": "Europe/London"
            }
        },
        {
            "id": "06333a48-f416-4043-859d-9e119ee88e67",
            "title": "Frost Veins",
            "slug": "frost-veins-species",
            "state": "public",
            "isWip": true,
            "isDraft": true,
            "entityClass": "Species",
            "icon": "fa-snowflake",
            "url": "https://www.worldanvil.com/w/the-green-tide-chamomileberry/a/frost-veins-species",
            "subscribergroups": [],
            "folderId": "b9f860dd-1e55-4837-936a-cfc6b5d3b4d8",
            "tags": "",
            "updateDate": {
                "date": "2025-09-08 21:07:27.000000",
                "timezone_type": 3,
                "timezone": "Europe/London"
            }
        },
        {
            "id": "0c9eebe5-ddb0-441f-82d9-255760dceb16",
            "title": "Honey Mesquite Tree",
            "slug": "honey-mesquite-tree-species",
            "state": "public",
            "isWip": true,
            "isDraft": false,
            "entityClass": "Species",
            "icon": "ra-palm-tree",
            "url": "https://www.worldanvil.com/w/the-green-tide-chamomileberry/a/honey-mesquite-tree-species",
            "subscribergroups": [],
            "folderId": "b9f860dd-1e55-4837-936a-cfc6b5d3b4d8",
            "tags": "naturalspecies",
            "updateDate": {
                "date": "2025-09-17 15:34:00.000000",
                "timezone_type": 3,
                "timezone": "Europe/London"
            }
        },
        {
            "id": "9424eba7-6da8-457b-ac40-c12fd2670022",
            "title": "Pickleweed",
            "slug": "pickleweed-species",
            "state": "public",
            "isWip": true,
            "isDraft": true,
            "entityClass": "Species",
            "icon": "fa-cannabis",
            "url": "https://www.worldanvil.com/w/the-green-tide-chamomileberry/a/pickleweed-species",
            "subscribergroups": [],
            "folderId": "b9f860dd-1e55-4837-936a-cfc6b5d3b4d8",
            "tags": "nativespecies",
            "updateDate": {
                "date": "2025-09-17 17:59:21.000000",
                "timezone_type": 3,
                "timezone": "Europe/London"
            }
        },
        {
            "id": "3f2060ba-a545-4653-90c0-3ae0d5b9e4c5",
            "title": "Pinyon Pine Tree",
            "slug": "pinyon-pine-tree-species-1",
            "state": "public",
            "isWip": true,
            "isDraft": false,
            "entityClass": "Species",
            "icon": "ra-pine-tree",
            "url": "https://www.worldanvil.com/w/the-green-tide-chamomileberry/a/pinyon-pine-tree-species-1",
            "subscribergroups": [],
            "folderId": "b9f860dd-1e55-4837-936a-cfc6b5d3b4d8",
            "tags": "",
            "updateDate": {
                "date": "2025-09-17 18:30:22.000000",
                "timezone_type": 3,
                "timezone": "Europe/London"
            }
        },
        {
            "id": "71749af2-d41f-41fb-b7b5-b9429ea0fb7f",
            "title": "Prickly Pear Cactus",
            "slug": "prickly-pear-cactus-species",
            "state": "public",
            "isWip": true,
            "isDraft": true,
            "entityClass": "Species",
            "icon": "fa-cactus",
            "url": "https://www.worldanvil.com/w/the-green-tide-chamomileberry/a/prickly-pear-cactus-species",
            "subscribergroups": [],
            "folderId": "b9f860dd-1e55-4837-936a-cfc6b5d3b4d8",
            "tags": "",
            "updateDate": {
                "date": "2025-09-17 19:15:03.000000",
                "timezone_type": 3,
                "timezone": "Europe/London"
            }
        },
        {
            "id": "0c934e0d-a7f9-48f7-a48f-290afe492af0",
            "title": "Stone Moss",
            "slug": "stone-moss-species",
            "state": "public",
            "isWip": true,
            "isDraft": false,
            "entityClass": "Species",
            "icon": "ra-grass",
            "url": "https://www.worldanvil.com/w/the-green-tide-chamomileberry/a/stone-moss-species",
            "subscribergroups": [],
            "folderId": "b9f860dd-1e55-4837-936a-cfc6b5d3b4d8",
            "tags": "",
            "updateDate": {
                "date": "2025-09-08 21:33:42.000000",
                "timezone_type": 3,
                "timezone": "Europe/London"
            }
        },
        {
            "id": "76d67b6d-312b-4ae3-894b-1b122a6f16ea",
            "title": "The Armour Flower",
            "slug": "the-armour-flower-species",
            "state": "public",
            "isWip": true,
            "isDraft": true,
            "entityClass": "Species",
            "icon": "ra-flowers",
            "url": "https://www.worldanvil.com/w/the-green-tide-chamomileberry/a/the-armour-flower-species",
            "subscribergroups": [],
            "folderId": "b9f860dd-1e55-4837-936a-cfc6b5d3b4d8",
            "tags": "",
            "updateDate": {
                "date": "2025-09-08 21:11:11.000000",
                "timezone_type": 3,
                "timezone": "Europe/London"
            }
        },
        {
            "id": "bdec756d-ee1d-4918-ab9f-4101b5e66431",
            "title": "The Salt Sage",
            "slug": "the-salt-sage-species",
            "state": "public",
            "isWip": true,
            "isDraft": true,
            "entityClass": "Species",
            "icon": "fa-spa",
            "url": "https://www.worldanvil.com/w/the-green-tide-chamomileberry/a/the-salt-sage-species",
            "subscribergroups": [],
            "folderId": "b9f860dd-1e55-4837-936a-cfc6b5d3b4d8",
            "tags": "",
            "updateDate": {
                "date": "2025-09-08 21:19:50.000000",
                "timezone_type": 3,
                "timezone": "Europe/London"
            }
        },
        {
            "id": "3b894c44-38d4-44ba-8ece-229bff3e8613",
            "title": "Thermal Thistle",
            "slug": "thermal-thistle-species",
            "state": "public",
            "isWip": true,
            "isDraft": true,
            "entityClass": "Species",
            "icon": "fa-temperature-high",
            "url": "https://www.worldanvil.com/w/the-green-tide-chamomileberry/a/thermal-thistle-species",
            "subscribergroups": [],
            "folderId": "b9f860dd-1e55-4837-936a-cfc6b5d3b4d8",
            "tags": "",
            "updateDate": {
                "date": "2025-09-08 21:04:04.000000",
                "timezone_type": 3,
                "timezone": "Europe/London"
            }
        },
        {
            "id": "29979197-f6ee-4603-8e69-245177bbcc67",
            "title": "Thundercap",
            "slug": "thundercap-species",
            "state": "public",
            "isWip": true,
            "isDraft": false,
            "entityClass": "Species",
            "icon": "ra-super-mushroom",
            "url": "https://www.worldanvil.com/w/the-green-tide-chamomileberry/a/thundercap-species",
            "subscribergroups": [],
            "folderId": "b9f860dd-1e55-4837-936a-cfc6b5d3b4d8",
            "tags": "",
            "updateDate": {
                "date": "2025-09-09 19:47:33.000000",
                "timezone_type": 3,
                "timezone": "Europe/London"
            }
        },
        {
            "id": "598fe2bc-8678-47d4-acb0-9c813650d6a6",
            "title": "Whisper Vines",
            "slug": "whisper-vines-species",
            "state": "public",
            "isWip": true,
            "isDraft": true,
            "entityClass": "Species",
            "icon": "ra-thorny-vine",
            "url": "https://www.worldanvil.com/w/the-green-tide-chamomileberry/a/whisper-vines-species",
            "subscribergroups": [],
            "folderId": "b9f860dd-1e55-4837-936a-cfc6b5d3b4d8",
            "tags": "",
            "updateDate": {
                "date": "2025-09-08 21:09:10.000000",
                "timezone_type": 3,
                "timezone": "Europe/London"
            }
        },
        {
            "id": "c0bca09f-c839-4eb8-93aa-f6869b090dd1",
            "title": "Yucca",
            "slug": "yucca-item",
            "state": "public",
            "isWip": true,
            "isDraft": true,
            "entityClass": "Item",
            "icon": "fa-flower",
            "url": "https://www.worldanvil.com/w/the-green-tide-chamomileberry/a/yucca-item",
            "subscribergroups": [],
            "folderId": "b9f860dd-1e55-4837-936a-cfc6b5d3b4d8",
            "tags": "",
            "updateDate": {
                "date": "2025-09-17 14:20:55.000000",
                "timezone_type": 3,
                "timezone": "Europe/London"
            }
        }
    ],
    "editURL": "https://www.worldanvil.com/world/category/b9f860dd-1e55-4837-936a-cfc6b5d3b4d8/edit",
    "parsedDescription": "",
    "isEditable": true,
    "success": true
}