{
    "id": "684d37ed-1749-4ec6-a10e-412107f09061",
    "title": "Food",
    "slug": "food-category",
    "state": "public",
    "isWip": null,
    "isDraft": null,
    "entityClass": "Category",
    "icon": "fa-solid fa-folder",
    "url": "https://www.worldanvil.com/w/the-green-tide-chamomileberry/c/food-category",
    "subscribergroups": [],
    "folderId": null,
    "tags": null,
    "updateDate": {
        "date": "2025-09-17 15:35:41.000000",
        "timezone_type": 3,
        "timezone": "Europe/London"
    },
    "description": null,
    "excerpt": null,
    "isBook": false,
    "displayBookTitle": true,
    "isCollapsed": false,
    "position": null,
    "creationDate": {
        "date": "2025-09-17 15:35:41.000000",
        "timezone_type": 3,
        "timezone": "Europe/London"
    },
    "views": null,
    "editor": "plutarch",
    "custom1": null,
    "custom2": null,
    "custom3": null,
    "custom4": null,
    "custom5": null,
    "cssClasses": null,
    "systemMeta": "{\"catCol1\":[\"custom1\"],\"catCol2\":[\"custom2\",\"toc\"],\"catCol3\":[\"custom3\",\"articleBlocks\"],\"catCol4\":[\"custom4\",\"maps\",\"timelines\"],\"catCol5\":[\"custom5\"]}",
    "pagecover": null,
    "bookcover": null,
    "defaultarticlecover": null,
    "parent": {
        "id": "4903eab7-dd2c-4db2-900c-17c4606a27cf",
        "title": "Cuisines",
        "slug": "cuisines-category",
        "state": "public",
        "isWip": null,
        "isDraft": null,
        "entityClass": "Category",
        "icon": "fa-solid fa-folder",
        "url": "https://www.worldanvil.com/w/the-green-tide-chamomileberry/c/cuisines-category",
        "subscribergroups": [],
        "folderId": null,
        "tags": null,
        "updateDate": {
            "date": "2025-09-17 15:35:32.000000",
            "timezone_type": 3,
            "timezone": "Europe/London"
        }
    },
    "world": {
        "id": "864acfb5-95d4-444d-a85e-869554ea44eb",
        "title": "The Green Tide",
        "slug": "the-green-tide-chamomileberry",
        "state": "public",
        "isWip": null,
        "isDraft": null,
        "entityClass": "World",
        "icon": "fa-solid fa-globe-stand",
        "url": "https://www.worldanvil.com/w/the-green-tide-chamomileberry",
        "subscribergroups": [],
        "folderId": "-1",
        "tags": "",
        "updateDate": {
            "date": "2025-10-06 14:24:17.000000",
            "timezone_type": 3,
            "timezone": "Europe/London"
        }
    },
    "articleRedirect": null,
    "articles": [
        {
            "id": "e9f87e5f-74a9-47d3-a7ba-970958a35450",
            "title": "Date Honey",
            "slug": "date-honey-item",
            "state": "public",
            "isWip": true,
            "isDraft": true,
            "entityClass": "Item",
            "icon": "fa-honey-pot",
            "url": "https://www.worldanvil.com/w/the-green-tide-chamomileberry/a/date-honey-item",
            "subscribergroups": [],
            "folderId": "684d37ed-1749-4ec6-a10e-412107f09061",
            "tags": "",
            "updateDate": {
                "date": "2025-09-17 17:34:40.000000",
                "timezone_type": 3,
                "timezone": "Europe/London"
            }
        },
        {
            "id": "7279698f-2ad7-4bdb-9f02-2d72d8dfadce",
            "title": "Gritstone Cakes",
            "slug": "gritstone-cakes-item",
            "state": "public",
            "isWip": true,
            "isDraft": true,
            "entityClass": "Item",
            "icon": "fa-cookie",
            "url": "https://www.worldanvil.com/w/the-green-tide-chamomileberry/a/gritstone-cakes-item",
            "subscribergroups": [],
            "folderId": "684d37ed-1749-4ec6-a10e-412107f09061",
            "tags": "",
            "updateDate": {
                "date": "2025-09-17 19:05:54.000000",
                "timezone_type": 3,
                "timezone": "Europe/London"
            }
        },
        {
            "id": "c296703a-71dc-4a24-a6ef-dfa16a7562d6",
            "title": "Mesquite Pinole",
            "slug": "mesquite-pinole-item",
            "state": "public",
            "isWip": true,
            "isDraft": true,
            "entityClass": "Item",
            "icon": "fa-wheat-awn",
            "url": "https://www.worldanvil.com/w/the-green-tide-chamomileberry/a/mesquite-pinole-item",
            "subscribergroups": [],
            "folderId": "684d37ed-1749-4ec6-a10e-412107f09061",
            "tags": "",
            "updateDate": {
                "date": "2025-09-17 17:56:23.000000",
                "timezone_type": 3,
                "timezone": "Europe/London"
            }
        },
        {
            "id": "605cab43-3401-47d4-b9b0-3c13b88c9085",
            "title": "Nopales",
            "slug": "nopales-item",
            "state": "public",
            "isWip": true,
            "isDraft": true,
            "entityClass": "Item",
            "icon": "fa-cactus",
            "url": "https://www.worldanvil.com/w/the-green-tide-chamomileberry/a/nopales-item",
            "subscribergroups": [],
            "folderId": "684d37ed-1749-4ec6-a10e-412107f09061",
            "tags": "",
            "updateDate": {
                "date": "2025-09-17 19:11:53.000000",
                "timezone_type": 3,
                "timezone": "Europe/London"
            }
        },
        {
            "id": "191f685c-0c4d-4054-9a56-d1907bb2b684",
            "title": "Oasis Harvest Loaf",
            "slug": "oasis-harvest-loaf-item",
            "state": "public",
            "isWip": true,
            "isDraft": true,
            "entityClass": "Item",
            "icon": "fa-cake-slice",
            "url": "https://www.worldanvil.com/w/the-green-tide-chamomileberry/a/oasis-harvest-loaf-item",
            "subscribergroups": [],
            "folderId": "684d37ed-1749-4ec6-a10e-412107f09061",
            "tags": "",
            "updateDate": {
                "date": "2025-09-17 18:59:37.000000",
                "timezone_type": 3,
                "timezone": "Europe/London"
            }
        },
        {
            "id": "5349505e-9dfd-4e9f-a915-1f6169b49120",
            "title": "Oasis Salad",
            "slug": "oasis-salad-item",
            "state": "public",
            "isWip": true,
            "isDraft": true,
            "entityClass": "Item",
            "icon": "fa-salad",
            "url": "https://www.worldanvil.com/w/the-green-tide-chamomileberry/a/oasis-salad-item",
            "subscribergroups": [],
            "folderId": "684d37ed-1749-4ec6-a10e-412107f09061",
            "tags": "",
            "updateDate": {
                "date": "2025-09-17 19:21:29.000000",
                "timezone_type": 3,
                "timezone": "Europe/London"
            }
        },
        {
            "id": "472cb2f6-3708-4ffb-bc35-421bac4cdc8a",
            "title": "Pinyon Nut Butter",
            "slug": "pinyon-nut-butter-item",
            "state": "public",
            "isWip": true,
            "isDraft": false,
            "entityClass": "Item",
            "icon": "fa-acorn",
            "url": "https://www.worldanvil.com/w/the-green-tide-chamomileberry/a/pinyon-nut-butter-item",
            "subscribergroups": [],
            "folderId": "684d37ed-1749-4ec6-a10e-412107f09061",
            "tags": "",
            "updateDate": {
                "date": "2025-09-17 16:06:17.000000",
                "timezone_type": 3,
                "timezone": "Europe/London"
            }
        },
        {
            "id": "8378d6b8-9dba-4721-b374-e1d52d9ae752",
            "title": "Pinyon Nuts",
            "slug": "pinyon-nuts-item",
            "state": "public",
            "isWip": true,
            "isDraft": true,
            "entityClass": "Item",
            "icon": "fa-acorn",
            "url": "https://www.worldanvil.com/w/the-green-tide-chamomileberry/a/pinyon-nuts-item",
            "subscribergroups": [],
            "folderId": "684d37ed-1749-4ec6-a10e-412107f09061",
            "tags": "",
            "updateDate": {
                "date": "2025-09-17 17:29:53.000000",
                "timezone_type": 3,
                "timezone": "Europe/London"
            }
        },
        {
            "id": "fc14493b-fcd0-47dc-932a-76da519b79b0",
            "title": "Salted Porridge",
            "slug": "salted-porridge-item",
            "state": "public",
            "isWip": true,
            "isDraft": true,
            "entityClass": "Item",
            "icon": "fa-bowl-spoon",
            "url": "https://www.worldanvil.com/w/the-green-tide-chamomileberry/a/salted-porridge-item",
            "subscribergroups": [],
            "folderId": "684d37ed-1749-4ec6-a10e-412107f09061",
            "tags": "",
            "updateDate": {
                "date": "2025-09-17 19:06:34.000000",
                "timezone_type": 3,
                "timezone": "Europe/London"
            }
        },
        {
            "id": "dbd392a7-d976-4f14-80e8-87f2cc1dcf5b",
            "title": "Sunstone Jerky",
            "slug": "sunstone-jerky-item",
            "state": "public",
            "isWip": true,
            "isDraft": true,
            "entityClass": "Item",
            "icon": "fa-steak",
            "url": "https://www.worldanvil.com/w/the-green-tide-chamomileberry/a/sunstone-jerky-item",
            "subscribergroups": [],
            "folderId": "684d37ed-1749-4ec6-a10e-412107f09061",
            "tags": "",
            "updateDate": {
                "date": "2025-09-17 19:09:13.000000",
                "timezone_type": 3,
                "timezone": "Europe/London"
            }
        },
        {
            "id": "dc4f344e-d895-4726-9d3a-0582ce15eb50",
            "title": "Tunas",
            "slug": "tunas-item",
            "state": "public",
            "isWip": true,
            "isDraft": true,
            "entityClass": "Item",
            "icon": "fa-mango",
            "url": "https://www.worldanvil.com/w/the-green-tide-chamomileberry/a/tunas-item",
            "subscribergroups": [],
            "folderId": "684d37ed-1749-4ec6-a10e-412107f09061",
            "tags": "",
            "updateDate": {
                "date": "2025-09-17 19:14:07.000000",
                "timezone_type": 3,
                "timezone": "Europe/London"
            }
        },
        {
            "id": "15a3e346-835a-4ea7-8872-2f49994f1589",
            "title": "Wolfberries",
            "slug": "wolfberries-item",
            "state": "public",
            "isWip": true,
            "isDraft": true,
            "entityClass": "Item",
            "icon": "fa-blueberries",
            "url": "https://www.worldanvil.com/w/the-green-tide-chamomileberry/a/wolfberries-item",
            "subscribergroups": [],
            "folderId": "684d37ed-1749-4ec6-a10e-412107f09061",
            "tags": "",
            "updateDate": {
                "date": "2025-09-17 19:17:40.000000",
                "timezone_type": 3,
                "timezone": "Europe/London"
            }
        }
    ],
    "editURL": "https://www.worldanvil.com/world/category/684d37ed-1749-4ec6-a10e-412107f09061/edit",
    "parsedDescription": "",
    "isEditable": true,
    "success": true
}