{
    "id": "c40fb26f-bb3e-484f-bebe-8f27cad60ec1",
    "title": "Geographic Locations",
    "slug": "geographic-locations-category",
    "state": "public",
    "isWip": null,
    "isDraft": null,
    "entityClass": "Category",
    "icon": "fa-solid fa-folder",
    "url": "https://www.worldanvil.com/w/the-green-tide-chamomileberry/c/geographic-locations-category",
    "subscribergroups": [],
    "folderId": null,
    "tags": null,
    "updateDate": {
        "date": "2025-09-03 16:58:13.000000",
        "timezone_type": 3,
        "timezone": "Europe/London"
    },
    "description": null,
    "excerpt": null,
    "isBook": false,
    "displayBookTitle": true,
    "isCollapsed": false,
    "position": 1000,
    "creationDate": {
        "date": "2025-09-03 16:58:13.000000",
        "timezone_type": 3,
        "timezone": "Europe/London"
    },
    "views": 1,
    "editor": "plutarch",
    "custom1": null,
    "custom2": null,
    "custom3": null,
    "custom4": null,
    "custom5": null,
    "cssClasses": null,
    "systemMeta": "{\"catCol1\":[\"custom1\"],\"catCol2\":[\"custom2\",\"toc\"],\"catCol3\":[\"custom3\",\"articleBlocks\"],\"catCol4\":[\"custom4\",\"maps\",\"timelines\"],\"catCol5\":[\"custom5\"]}",
    "pagecover": null,
    "bookcover": null,
    "defaultarticlecover": null,
    "parent": null,
    "world": {
        "id": "864acfb5-95d4-444d-a85e-869554ea44eb",
        "title": "The Green Tide",
        "slug": "the-green-tide-chamomileberry",
        "state": "public",
        "isWip": null,
        "isDraft": null,
        "entityClass": "World",
        "icon": "fa-solid fa-globe-stand",
        "url": "https://www.worldanvil.com/w/the-green-tide-chamomileberry",
        "subscribergroups": [],
        "folderId": "-1",
        "tags": "",
        "updateDate": {
            "date": "2025-10-06 14:24:17.000000",
            "timezone_type": 3,
            "timezone": "Europe/London"
        }
    },
    "articleRedirect": null,
    "articles": [
        {
            "id": "e8d92c11-fa9a-4dc0-87a8-e9577970aace",
            "title": "Andes Mountains",
            "slug": "andes-mountains-location",
            "state": "public",
            "isWip": true,
            "isDraft": true,
            "entityClass": "Location",
            "icon": "fa-solid fa-mountain",
            "url": "https://www.worldanvil.com/w/the-green-tide-chamomileberry/a/andes-mountains-location",
            "subscribergroups": [],
            "folderId": "c40fb26f-bb3e-484f-bebe-8f27cad60ec1",
            "tags": null,
            "updateDate": {
                "date": "2025-09-03 20:30:47.000000",
                "timezone_type": 3,
                "timezone": "Europe/London"
            }
        },
        {
            "id": "b9519a99-aeb4-4b93-a31d-910004d6b160",
            "title": "Continental Europe",
            "slug": "continental-europe-location",
            "state": "public",
            "isWip": true,
            "isDraft": true,
            "entityClass": "Location",
            "icon": "fa-solid fa-mountain",
            "url": "https://www.worldanvil.com/w/the-green-tide-chamomileberry/a/continental-europe-location",
            "subscribergroups": [],
            "folderId": "c40fb26f-bb3e-484f-bebe-8f27cad60ec1",
            "tags": null,
            "updateDate": {
                "date": "2025-08-31 18:30:57.000000",
                "timezone_type": 3,
                "timezone": "Europe/London"
            }
        },
        {
            "id": "4d2650ee-54f6-4dab-8ed7-6d6f29b53a48",
            "title": "Death Valley",
            "slug": "death-valley-location",
            "state": "public",
            "isWip": true,
            "isDraft": true,
            "entityClass": "Location",
            "icon": "fa-solid fa-mountain",
            "url": "https://www.worldanvil.com/w/the-green-tide-chamomileberry/a/death-valley-location",
            "subscribergroups": [],
            "folderId": "c40fb26f-bb3e-484f-bebe-8f27cad60ec1",
            "tags": "",
            "updateDate": {
                "date": "2025-09-17 14:23:11.000000",
                "timezone_type": 3,
                "timezone": "Europe/London"
            }
        },
        {
            "id": "8d87ea2b-f8b2-4a35-ab21-a87587525328",
            "title": "Furnace Creek",
            "slug": "furnace-creek-location",
            "state": "public",
            "isWip": true,
            "isDraft": true,
            "entityClass": "Location",
            "icon": "fa-water",
            "url": "https://www.worldanvil.com/w/the-green-tide-chamomileberry/a/furnace-creek-location",
            "subscribergroups": [],
            "folderId": "c40fb26f-bb3e-484f-bebe-8f27cad60ec1",
            "tags": "",
            "updateDate": {
                "date": "2025-09-17 15:05:13.000000",
                "timezone_type": 3,
                "timezone": "Europe/London"
            }
        },
        {
            "id": "611b0ebd-7fa7-43a5-ab37-e641e4765953",
            "title": "Golden Canyon",
            "slug": "golden-canyon-location",
            "state": "public",
            "isWip": true,
            "isDraft": true,
            "entityClass": "Location",
            "icon": "fa-mountain-sun",
            "url": "https://www.worldanvil.com/w/the-green-tide-chamomileberry/a/golden-canyon-location",
            "subscribergroups": [],
            "folderId": "c40fb26f-bb3e-484f-bebe-8f27cad60ec1",
            "tags": "",
            "updateDate": {
                "date": "2025-09-17 15:26:40.000000",
                "timezone_type": 3,
                "timezone": "Europe/London"
            }
        },
        {
            "id": "5279459c-43d6-4d67-959a-262171ef3fcf",
            "title": "Grapevine Mountains",
            "slug": "grapevine-mountains-location",
            "state": "public",
            "isWip": true,
            "isDraft": true,
            "entityClass": "Location",
            "icon": "fa-mountain-sun",
            "url": "https://www.worldanvil.com/w/the-green-tide-chamomileberry/a/grapevine-mountains-location",
            "subscribergroups": [],
            "folderId": "c40fb26f-bb3e-484f-bebe-8f27cad60ec1",
            "tags": "",
            "updateDate": {
                "date": "2025-09-17 15:54:11.000000",
                "timezone_type": 3,
                "timezone": "Europe/London"
            }
        },
        {
            "id": "72388473-49b1-46f0-9fa9-f35c87486e1f",
            "title": "Himalayas",
            "slug": "himalayas-location",
            "state": "public",
            "isWip": true,
            "isDraft": true,
            "entityClass": "Location",
            "icon": "fa-solid fa-mountain",
            "url": "https://www.worldanvil.com/w/the-green-tide-chamomileberry/a/himalayas-location",
            "subscribergroups": [],
            "folderId": "c40fb26f-bb3e-484f-bebe-8f27cad60ec1",
            "tags": null,
            "updateDate": {
                "date": "2025-09-03 20:31:03.000000",
                "timezone_type": 3,
                "timezone": "Europe/London"
            }
        },
        {
            "id": "fd07fbf4-79ba-47a0-ad88-ef6aee07053e",
            "title": "Inyo Mountains",
            "slug": "inyo-mountains-location",
            "state": "public",
            "isWip": true,
            "isDraft": true,
            "entityClass": "Location",
            "icon": "fa-solid fa-mountain",
            "url": "https://www.worldanvil.com/w/the-green-tide-chamomileberry/a/inyo-mountains-location",
            "subscribergroups": [],
            "folderId": "c40fb26f-bb3e-484f-bebe-8f27cad60ec1",
            "tags": null,
            "updateDate": {
                "date": "2025-09-01 15:24:45.000000",
                "timezone_type": 3,
                "timezone": "Europe/London"
            }
        },
        {
            "id": "43e00219-fe7e-4ed6-9e82-aae8b981e2a9",
            "title": "Las Vegas",
            "slug": "las-vegas-settlement",
            "state": "public",
            "isWip": true,
            "isDraft": true,
            "entityClass": "Settlement",
            "icon": "fa-building-columns",
            "url": "https://www.worldanvil.com/w/the-green-tide-chamomileberry/a/las-vegas-settlement",
            "subscribergroups": [],
            "folderId": "c40fb26f-bb3e-484f-bebe-8f27cad60ec1",
            "tags": "",
            "updateDate": {
                "date": "2025-09-08 18:13:19.000000",
                "timezone_type": 3,
                "timezone": "Europe/London"
            }
        },
        {
            "id": "295ef98f-4a82-490f-9ad2-a5699249fd4b",
            "title": "Natural Bridge Canyon",
            "slug": "natural-bridge-canyon-location",
            "state": "public",
            "isWip": true,
            "isDraft": true,
            "entityClass": "Location",
            "icon": "fa-mountain-sun",
            "url": "https://www.worldanvil.com/w/the-green-tide-chamomileberry/a/natural-bridge-canyon-location",
            "subscribergroups": [],
            "folderId": "c40fb26f-bb3e-484f-bebe-8f27cad60ec1",
            "tags": "",
            "updateDate": {
                "date": "2025-09-17 15:26:24.000000",
                "timezone_type": 3,
                "timezone": "Europe/London"
            }
        },
        {
            "id": "820b6410-7863-4788-8b4c-f2c02a8060cd",
            "title": "Northern Rocky Mountains",
            "slug": "northern-rocky-mountains-location",
            "state": "public",
            "isWip": true,
            "isDraft": true,
            "entityClass": "Location",
            "icon": "fa-solid fa-mountain",
            "url": "https://www.worldanvil.com/w/the-green-tide-chamomileberry/a/northern-rocky-mountains-location",
            "subscribergroups": [],
            "folderId": "c40fb26f-bb3e-484f-bebe-8f27cad60ec1",
            "tags": null,
            "updateDate": {
                "date": "2025-08-31 18:31:32.000000",
                "timezone_type": 3,
                "timezone": "Europe/London"
            }
        },
        {
            "id": "9b896b5b-a292-43a3-a9b1-6c6e9d615635",
            "title": "Pacific Northwest",
            "slug": "pacific-northwest-location",
            "state": "public",
            "isWip": true,
            "isDraft": true,
            "entityClass": "Location",
            "icon": "fa-solid fa-mountain",
            "url": "https://www.worldanvil.com/w/the-green-tide-chamomileberry/a/pacific-northwest-location",
            "subscribergroups": [],
            "folderId": "c40fb26f-bb3e-484f-bebe-8f27cad60ec1",
            "tags": null,
            "updateDate": {
                "date": "2025-08-31 18:31:13.000000",
                "timezone_type": 3,
                "timezone": "Europe/London"
            }
        },
        {
            "id": "712aa320-e74b-4075-965f-5dd3fdb00e20",
            "title": "Panamint Mountains",
            "slug": "panamint-mountains-location",
            "state": "public",
            "isWip": true,
            "isDraft": true,
            "entityClass": "Location",
            "icon": "fa-mountain-sun",
            "url": "https://www.worldanvil.com/w/the-green-tide-chamomileberry/a/panamint-mountains-location",
            "subscribergroups": [],
            "folderId": "c40fb26f-bb3e-484f-bebe-8f27cad60ec1",
            "tags": "",
            "updateDate": {
                "date": "2025-09-17 15:53:57.000000",
                "timezone_type": 3,
                "timezone": "Europe/London"
            }
        },
        {
            "id": "8595e698-58ed-42b5-99d3-61e291fadcba",
            "title": "Phoenix, Arizona",
            "slug": "phoenix2C-arizona-location",
            "state": "public",
            "isWip": true,
            "isDraft": true,
            "entityClass": "Location",
            "icon": "fa-solid fa-mountain",
            "url": "https://www.worldanvil.com/w/the-green-tide-chamomileberry/a/phoenix2C-arizona-location",
            "subscribergroups": [],
            "folderId": "c40fb26f-bb3e-484f-bebe-8f27cad60ec1",
            "tags": null,
            "updateDate": {
                "date": "2025-09-01 15:24:25.000000",
                "timezone_type": 3,
                "timezone": "Europe/London"
            }
        },
        {
            "id": "892773bb-c7e0-4512-b404-073cbd7cfdab",
            "title": "The Badwater Basin",
            "slug": "the-badwater-basin-location",
            "state": "public",
            "isWip": true,
            "isDraft": true,
            "entityClass": "Location",
            "icon": "fa-skull-cow",
            "url": "https://www.worldanvil.com/w/the-green-tide-chamomileberry/a/the-badwater-basin-location",
            "subscribergroups": [],
            "folderId": "c40fb26f-bb3e-484f-bebe-8f27cad60ec1",
            "tags": "",
            "updateDate": {
                "date": "2025-09-08 19:05:59.000000",
                "timezone_type": 3,
                "timezone": "Europe/London"
            }
        },
        {
            "id": "c42052ce-bc30-4b46-a645-119603dee926",
            "title": "The Rocky Mountains",
            "slug": "the-rocky-mountains-location",
            "state": "public",
            "isWip": true,
            "isDraft": true,
            "entityClass": "Location",
            "icon": "fa-solid fa-mountain",
            "url": "https://www.worldanvil.com/w/the-green-tide-chamomileberry/a/the-rocky-mountains-location",
            "subscribergroups": [],
            "folderId": "c40fb26f-bb3e-484f-bebe-8f27cad60ec1",
            "tags": null,
            "updateDate": {
                "date": "2025-09-03 20:30:32.000000",
                "timezone_type": 3,
                "timezone": "Europe/London"
            }
        },
        {
            "id": "bef6f221-67eb-4f7a-98a8-27558a740bc8",
            "title": "Western Europe",
            "slug": "western-europe-location",
            "state": "public",
            "isWip": true,
            "isDraft": true,
            "entityClass": "Location",
            "icon": "fa-solid fa-mountain",
            "url": "https://www.worldanvil.com/w/the-green-tide-chamomileberry/a/western-europe-location",
            "subscribergroups": [],
            "folderId": "c40fb26f-bb3e-484f-bebe-8f27cad60ec1",
            "tags": null,
            "updateDate": {
                "date": "2025-08-31 18:30:34.000000",
                "timezone_type": 3,
                "timezone": "Europe/London"
            }
        },
        {
            "id": "b07df956-1005-4ae5-acce-2496e04809d3",
            "title": "Wildrose Canyon",
            "slug": "wildrose-canyon-location",
            "state": "public",
            "isWip": true,
            "isDraft": true,
            "entityClass": "Location",
            "icon": "fa-mountain-sun",
            "url": "https://www.worldanvil.com/w/the-green-tide-chamomileberry/a/wildrose-canyon-location",
            "subscribergroups": [],
            "folderId": "c40fb26f-bb3e-484f-bebe-8f27cad60ec1",
            "tags": "",
            "updateDate": {
                "date": "2025-09-17 18:29:03.000000",
                "timezone_type": 3,
                "timezone": "Europe/London"
            }
        },
        {
            "id": "2c3a6fdd-613c-4b22-a7a4-9f039578764f",
            "title": "Wildrose Kilns",
            "slug": "wildrose-kilns-location",
            "state": "public",
            "isWip": true,
            "isDraft": true,
            "entityClass": "Location",
            "icon": "fa-fire",
            "url": "https://www.worldanvil.com/w/the-green-tide-chamomileberry/a/wildrose-kilns-location",
            "subscribergroups": [],
            "folderId": "c40fb26f-bb3e-484f-bebe-8f27cad60ec1",
            "tags": "",
            "updateDate": {
                "date": "2025-09-17 18:29:52.000000",
                "timezone_type": 3,
                "timezone": "Europe/London"
            }
        }
    ],
    "editURL": "https://www.worldanvil.com/world/category/c40fb26f-bb3e-484f-bebe-8f27cad60ec1/edit",
    "parsedDescription": "",
    "isEditable": true,
    "success": true
}