{
    "id": "21cef5be-4bab-4779-8a91-8f5eb4c13d98",
    "title": "Organizations",
    "slug": "organizations-category",
    "state": "public",
    "isWip": null,
    "isDraft": null,
    "entityClass": "Category",
    "icon": "fa-solid fa-folder",
    "url": "https://www.worldanvil.com/w/the-green-tide-chamomileberry/c/organizations-category",
    "subscribergroups": [],
    "folderId": null,
    "tags": null,
    "updateDate": {
        "date": "2025-08-29 13:26:35.000000",
        "timezone_type": 3,
        "timezone": "Europe/London"
    },
    "description": null,
    "excerpt": null,
    "isBook": false,
    "displayBookTitle": true,
    "isCollapsed": false,
    "position": 970,
    "creationDate": {
        "date": "2025-08-29 13:26:35.000000",
        "timezone_type": 3,
        "timezone": "Europe/London"
    },
    "views": 1,
    "editor": "plutarch",
    "custom1": null,
    "custom2": null,
    "custom3": null,
    "custom4": null,
    "custom5": null,
    "cssClasses": null,
    "systemMeta": "{\"catCol1\":[\"custom1\"],\"catCol2\":[\"custom2\",\"toc\"],\"catCol3\":[\"custom3\",\"articleBlocks\"],\"catCol4\":[\"custom4\",\"maps\",\"timelines\"],\"catCol5\":[\"custom5\"]}",
    "pagecover": null,
    "bookcover": null,
    "defaultarticlecover": null,
    "parent": null,
    "world": {
        "id": "864acfb5-95d4-444d-a85e-869554ea44eb",
        "title": "The Green Tide",
        "slug": "the-green-tide-chamomileberry",
        "state": "public",
        "isWip": null,
        "isDraft": null,
        "entityClass": "World",
        "icon": "fa-solid fa-globe-stand",
        "url": "https://www.worldanvil.com/w/the-green-tide-chamomileberry",
        "subscribergroups": [],
        "folderId": "-1",
        "tags": "",
        "updateDate": {
            "date": "2025-10-06 14:24:17.000000",
            "timezone_type": 3,
            "timezone": "Europe/London"
        }
    },
    "articleRedirect": null,
    "articles": [
        {
            "id": "987f9f58-61ea-4b9a-9a19-c32e23c701f4",
            "title": "International Biotech Climate Coalition IBCC",
            "slug": "international-biotech-climate-coalition-ibcc-organization",
            "state": "public",
            "isWip": true,
            "isDraft": true,
            "entityClass": "Organization",
            "icon": "fa-solid fa-shield-quartered",
            "url": "https://www.worldanvil.com/w/the-green-tide-chamomileberry/a/international-biotech-climate-coalition-ibcc-organization",
            "subscribergroups": [],
            "folderId": "21cef5be-4bab-4779-8a91-8f5eb4c13d98",
            "tags": "",
            "updateDate": {
                "date": "2025-08-29 17:00:56.000000",
                "timezone_type": 3,
                "timezone": "Europe/London"
            }
        },
        {
            "id": "2a09ce63-6323-44ed-a98c-0114c2586818",
            "title": "The Archive Collective",
            "slug": "the-archive-collective-organization",
            "state": "public",
            "isWip": true,
            "isDraft": true,
            "entityClass": "Organization",
            "icon": "fa-books",
            "url": "https://www.worldanvil.com/w/the-green-tide-chamomileberry/a/the-archive-collective-organization",
            "subscribergroups": [],
            "folderId": "21cef5be-4bab-4779-8a91-8f5eb4c13d98",
            "tags": "",
            "updateDate": {
                "date": "2025-09-08 18:35:18.000000",
                "timezone_type": 3,
                "timezone": "Europe/London"
            }
        },
        {
            "id": "beed7503-ffbb-498a-ae05-4c8a283a74a3",
            "title": "The Council of Keepers",
            "slug": "the-council-of-keepers-organization",
            "state": "public",
            "isWip": true,
            "isDraft": true,
            "entityClass": "Organization",
            "icon": "fa-handshake-simple",
            "url": "https://www.worldanvil.com/w/the-green-tide-chamomileberry/a/the-council-of-keepers-organization",
            "subscribergroups": [],
            "folderId": "21cef5be-4bab-4779-8a91-8f5eb4c13d98",
            "tags": "",
            "updateDate": {
                "date": "2025-09-19 17:42:25.000000",
                "timezone_type": 3,
                "timezone": "Europe/London"
            }
        }
    ],
    "editURL": "https://www.worldanvil.com/world/category/21cef5be-4bab-4779-8a91-8f5eb4c13d98/edit",
    "parsedDescription": "",
    "isEditable": true,
    "success": true
}