{
    "id": "60fd0da1-ae37-426b-b538-e88520b86e33",
    "title": "Lin's Line Descendant",
    "slug": null,
    "state": "private",
    "isWip": null,
    "isDraft": null,
    "entityClass": "Secret",
    "icon": "fa-solid fa-user-secret",
    "url": "https://www.worldanvil.com/world/secret/60fd0da1-ae37-426b-b538-e88520b86e33/edit",
    "subscribergroups": [],
    "folderId": "-1",
    "tags": "",
    "updateDate": {
        "date": "2025-08-22 21:06:54.000000",
        "timezone_type": 3,
        "timezone": "Europe/London"
    },
    "content": "[p][/p]\n[p]Juniper (June) is unknowingly part of Lin's Line, which explains her unusual resistance to spores and why she experiences [i]dreams/humming[/i] instead of rapid decline like others.[/p]\n[p][/p]\n",
    "creationDate": {
        "date": "2025-08-21 21:28:58.000000",
        "timezone_type": 3,
        "timezone": "Europe/London"
    },
    "seeded": "",
    "cssClasses": "",
    "isEditable": true,
    "success": true
}