{
    "id": "b290bd03-0856-4be9-9e75-4a61779b496a",
    "title": "Mika-born",
    "slug": null,
    "state": "private",
    "isWip": null,
    "isDraft": null,
    "entityClass": "Secret",
    "icon": "fa-solid fa-user-secret",
    "url": "https://www.worldanvil.com/world/secret/b290bd03-0856-4be9-9e75-4a61779b496a/edit",
    "subscribergroups": [],
    "folderId": "-1",
    "tags": "",
    "updateDate": {
        "date": "2025-08-24 14:58:35.000000",
        "timezone_type": 3,
        "timezone": "Europe/London"
    },
    "content": "[p]Mika carries no obvious physical sickness, but he does bear the quiet burden of his biology. The Verdancy calls to him, and resisting it is as much a spiritual and mental affliction as any disease—an invisible pull toward Hollowing that he fights constantly. That internal war gives his body a tension: always controlled, always aware of the line he walks between man and something else.[/p]\n[p][/p]\n[p][/p]\n",
    "creationDate": {
        "date": "2025-08-24 14:57:57.000000",
        "timezone_type": 3,
        "timezone": "Europe/London"
    },
    "seeded": "",
    "cssClasses": "",
    "isEditable": true,
    "success": true
}