{
    "id": "7d7b1f67-a15f-4cde-84a6-d0a70deb29a9",
    "title": "Lin's Line",
    "slug": null,
    "state": "private",
    "isWip": null,
    "isDraft": null,
    "entityClass": "Secret",
    "icon": "fa-solid fa-user-secret",
    "url": "https://www.worldanvil.com/world/secret/7d7b1f67-a15f-4cde-84a6-d0a70deb29a9/edit",
    "subscribergroups": [],
    "folderId": "-1",
    "tags": "",
    "updateDate": {
        "date": "2025-08-21 21:32:37.000000",
        "timezone_type": 3,
        "timezone": "Europe/London"
    },
    "content": "[p]Refers to descendants of Dr. Lin, one of the Verdant compound's original genetic architects. Archive records hint that Lin tested Verdant resistance protocols on her own genetic material before the Collapse, leaving a lineage of partial immunity. Survivors whisper that “the forest waits for Lin’s blood,” meaning the Verdant recognizes something familiar in those carrying her genes.[/p]\n[p][/p]\n[p][/p]\n",
    "creationDate": {
        "date": "2025-08-21 21:28:55.000000",
        "timezone_type": 3,
        "timezone": "Europe/London"
    },
    "seeded": "",
    "cssClasses": "",
    "isEditable": true,
    "success": true
}