{
    "id": "84f20797-e18d-429d-8a30-24347ebf7c53",
    "title": "Mika's Abilities",
    "slug": null,
    "state": "private",
    "isWip": null,
    "isDraft": null,
    "entityClass": "Secret",
    "icon": "fa-solid fa-user-secret",
    "url": "https://www.worldanvil.com/world/secret/84f20797-e18d-429d-8a30-24347ebf7c53/edit",
    "subscribergroups": [],
    "folderId": "-1",
    "tags": "",
    "updateDate": {
        "date": "2025-08-30 14:24:27.000000",
        "timezone_type": 3,
        "timezone": "Europe/London"
    },
    "content": "[p][b]Plant-sense (communication & perception)[/b] – Mika can [i]hear[/i] or [i]feel[/i] plants as if they whisper to him. He perceives warnings, shifts in growth, or signals of danger through this bond, almost like an extra sense. [br][br][b]Influence over growth[/b] – He can subtly encourage plants to grow or change direction, often without realizing he’s doing it. Around him, seeds sprout faster, blooms open where they shouldn’t, and dormant plants stir. [br][br][b]Environmental attunement[/b] – Mika senses shifts in the natural world before they happen: storms, floods, blooms, or danger. It’s less prediction and more as if the land itself tells him. [br][br][b]Verdancy resonance[/b] – His biology carries traces of chlorophyll and plant-like integration, giving him an innate link to the mycelial Verdant network. This makes him both vulnerable (the network can call to him, try to claim him) and powerful (he can resist or redirect its pull).  [br][br][b]Duality of being[/b] – Perhaps his most dangerous “ability” is this: he is human but also [i]part Verdant[/i]. He straddles the line between humanity and Hollowed, which allows him to navigate between the two worlds but also makes him a beacon to the network. So Mika’s gifts aren’t flashy superpowers—they’re rooted, subtle, almost [i]biological magic[/i]. He’s extraordinary because he embodies what humans feared the most: the possibility of becoming part of the Verdant, while still retaining his self. [/p]\n[p][/p]\n[p][/p]\n",
    "creationDate": {
        "date": "2025-08-24 15:14:47.000000",
        "timezone_type": 3,
        "timezone": "Europe/London"
    },
    "seeded": "",
    "cssClasses": "",
    "isEditable": true,
    "success": true
}