{
    "id": 6949107,
    "title": "Masque de guerre et résilience naturelle.png",
    "slug": null,
    "state": "public",
    "isWip": null,
    "isDraft": null,
    "entityClass": "Image",
    "icon": "fa-solid fa-image",
    "url": "https://wa-cdn.nyc3.cdn.digitaloceanspaces.com/user-data/production/ee136645-e433-489b-a47f-314d4364e12e/uploads/images/50ceb31d70e6f6feb00cb77f7f176b6d.png",
    "subscribergroups": [],
    "folderId": "-1",
    "tags": null,
    "updateDate": {
        "date": "2025-08-29 19:44:54.000000",
        "timezone_type": 3,
        "timezone": "Europe/London"
    },
    "filename": "50ceb31d70e6f6feb00cb77f7f176b6d.png",
    "path": "https://wa-cdn.nyc3.cdn.digitaloceanspaces.com/user-data/production/ee136645-e433-489b-a47f-314d4364e12e/uploads/images",
    "size": 2047217,
    "width": 1024,
    "height": 1024,
    "extension": "png",
    "description": null,
    "alt": null,
    "creditArtistName": null,
    "creditArtistWebsite": null,
    "creditArtTitle": null,
    "creditArtUrl": null,
    "creationDate": {
        "date": "2025-08-29 19:44:54.000000",
        "timezone_type": 3,
        "timezone": "Europe/London"
    },
    "views": null,
    "likes": null,
    "isFeatured": false,
    "linkUrl": "",
    "pageUrl": "https://www.worldanvil.com/i/6949107",
    "isEditable": true,
    "success": true
}