{
    "id": 6922967,
    "title": "crossblossom_A_female_character_with_sun-bleached_blonde_hair_60d09495-4c84-4cb9-905d-c67ce58bdd63_3 (1) (1).png",
    "slug": null,
    "state": "public",
    "isWip": null,
    "isDraft": null,
    "entityClass": "Image",
    "icon": "fa-solid fa-image",
    "url": "https://wa-cdn.nyc3.digitaloceanspaces.com/user-data/production/ee136645-e433-489b-a47f-314d4364e12e/uploads/images/f6bdd4db6dfd39536e6af91eaa796283.png",
    "subscribergroups": [],
    "folderId": "-1",
    "tags": null,
    "updateDate": {
        "date": "2025-08-19 18:52:46.000000",
        "timezone_type": 3,
        "timezone": "Europe/London"
    },
    "filename": "f6bdd4db6dfd39536e6af91eaa796283.png",
    "path": "https://wa-cdn.nyc3.digitaloceanspaces.com/user-data/production/ee136645-e433-489b-a47f-314d4364e12e/uploads/images",
    "size": 647065,
    "width": 928,
    "height": 1232,
    "extension": "png",
    "description": null,
    "alt": null,
    "creditArtistName": null,
    "creditArtistWebsite": null,
    "creditArtTitle": null,
    "creditArtUrl": null,
    "creationDate": {
        "date": "2025-08-19 18:52:46.000000",
        "timezone_type": 3,
        "timezone": "Europe/London"
    },
    "views": null,
    "likes": null,
    "isFeatured": false,
    "linkUrl": null,
    "pageUrl": "https://www.worldanvil.com/i/6922967",
    "isEditable": true,
    "success": true
}