{
    "id": 6996981,
    "title": "IMG_0333.jpeg",
    "slug": null,
    "state": "public",
    "isWip": null,
    "isDraft": null,
    "entityClass": "Image",
    "icon": "fa-solid fa-image",
    "url": "https://wa-cdn.nyc3.digitaloceanspaces.com/user-data/production/ee136645-e433-489b-a47f-314d4364e12e/uploads/images/b04eb792d37147661dd9ecdc0f148b3c.jpeg",
    "subscribergroups": [],
    "folderId": "-1",
    "tags": null,
    "updateDate": {
        "date": "2025-09-17 18:29:00.000000",
        "timezone_type": 3,
        "timezone": "Europe/London"
    },
    "filename": "b04eb792d37147661dd9ecdc0f148b3c.jpeg",
    "path": "https://wa-cdn.nyc3.digitaloceanspaces.com/user-data/production/ee136645-e433-489b-a47f-314d4364e12e/uploads/images",
    "size": 173263,
    "width": 1024,
    "height": 768,
    "extension": "jpeg",
    "description": null,
    "alt": null,
    "creditArtistName": null,
    "creditArtistWebsite": null,
    "creditArtTitle": null,
    "creditArtUrl": null,
    "creationDate": {
        "date": "2025-09-17 18:29:00.000000",
        "timezone_type": 3,
        "timezone": "Europe/London"
    },
    "views": null,
    "likes": null,
    "isFeatured": false,
    "linkUrl": null,
    "pageUrl": "https://www.worldanvil.com/i/6996981",
    "isEditable": true,
    "success": true
}