{
    "id": 6984821,
    "title": "crossblossom_A_photo_of_a_mountain_lion_hunting_in_the_mounta_528bd951-3c5b-43a0-a1c6-a0cf8d30f7bf_3.png",
    "slug": null,
    "state": "public",
    "isWip": null,
    "isDraft": null,
    "entityClass": "Image",
    "icon": "fa-solid fa-image",
    "url": "https://wa-cdn.nyc3.digitaloceanspaces.com/user-data/production/ee136645-e433-489b-a47f-314d4364e12e/uploads/images/13a8d25b2dfd3b599473633f98a5af98.png",
    "subscribergroups": [],
    "folderId": "-1",
    "tags": null,
    "updateDate": {
        "date": "2025-09-12 16:11:46.000000",
        "timezone_type": 3,
        "timezone": "Europe/London"
    },
    "filename": "13a8d25b2dfd3b599473633f98a5af98.png",
    "path": "https://wa-cdn.nyc3.digitaloceanspaces.com/user-data/production/ee136645-e433-489b-a47f-314d4364e12e/uploads/images",
    "size": 1933874,
    "width": 1024,
    "height": 1024,
    "extension": "png",
    "description": null,
    "alt": null,
    "creditArtistName": null,
    "creditArtistWebsite": null,
    "creditArtTitle": null,
    "creditArtUrl": null,
    "creationDate": {
        "date": "2025-09-12 16:11:46.000000",
        "timezone_type": 3,
        "timezone": "Europe/London"
    },
    "views": null,
    "likes": null,
    "isFeatured": false,
    "linkUrl": null,
    "pageUrl": "https://www.worldanvil.com/i/6984821",
    "isEditable": true,
    "success": true
}