{
    "id": 6964694,
    "title": "crossblossom_Garnetts_amber-brown_eyes_have_taken_on_an_almos_2e2bb78c-5ebc-4501-800d-6a29a8353c86_0.png",
    "slug": null,
    "state": "public",
    "isWip": null,
    "isDraft": null,
    "entityClass": "Image",
    "icon": "fa-solid fa-image",
    "url": "https://wa-cdn.nyc3.digitaloceanspaces.com/user-data/production/ee136645-e433-489b-a47f-314d4364e12e/uploads/images/a4fe0b065c9b6f795801ffe2eb9f2c0a.png",
    "subscribergroups": [],
    "folderId": "-1",
    "tags": null,
    "updateDate": {
        "date": "2025-09-04 20:41:05.000000",
        "timezone_type": 3,
        "timezone": "Europe/London"
    },
    "filename": "a4fe0b065c9b6f795801ffe2eb9f2c0a.png",
    "path": "https://wa-cdn.nyc3.digitaloceanspaces.com/user-data/production/ee136645-e433-489b-a47f-314d4364e12e/uploads/images",
    "size": 1358751,
    "width": 1024,
    "height": 1024,
    "extension": "png",
    "description": null,
    "alt": null,
    "creditArtistName": null,
    "creditArtistWebsite": null,
    "creditArtTitle": null,
    "creditArtUrl": null,
    "creationDate": {
        "date": "2025-09-04 20:41:05.000000",
        "timezone_type": 3,
        "timezone": "Europe/London"
    },
    "views": null,
    "likes": null,
    "isFeatured": false,
    "linkUrl": null,
    "pageUrl": "https://www.worldanvil.com/i/6964694",
    "isEditable": true,
    "success": true
}