{
    "id": 6996923,
    "title": "YK5Vjt7RACuLjild5Qxl_4.jpg",
    "slug": null,
    "state": "public",
    "isWip": null,
    "isDraft": null,
    "entityClass": "Image",
    "icon": "fa-solid fa-image",
    "url": "https://wa-cdn.nyc3.digitaloceanspaces.com/user-data/production/ee136645-e433-489b-a47f-314d4364e12e/uploads/images/76480e47de80f2433023a75817dc3d38.jpeg",
    "subscribergroups": [],
    "folderId": "-1",
    "tags": null,
    "updateDate": {
        "date": "2025-09-17 18:01:17.000000",
        "timezone_type": 3,
        "timezone": "Europe/London"
    },
    "filename": "76480e47de80f2433023a75817dc3d38.jpeg",
    "path": "https://wa-cdn.nyc3.digitaloceanspaces.com/user-data/production/ee136645-e433-489b-a47f-314d4364e12e/uploads/images",
    "size": 89956,
    "width": 1280,
    "height": 720,
    "extension": "jpeg",
    "description": null,
    "alt": null,
    "creditArtistName": null,
    "creditArtistWebsite": null,
    "creditArtTitle": null,
    "creditArtUrl": null,
    "creationDate": {
        "date": "2025-09-17 18:01:17.000000",
        "timezone_type": 3,
        "timezone": "Europe/London"
    },
    "views": null,
    "likes": null,
    "isFeatured": false,
    "linkUrl": null,
    "pageUrl": "https://www.worldanvil.com/i/6996923",
    "isEditable": true,
    "success": true
}