{
    "id": 6984937,
    "title": "crossblossom_A_photo_of_the_post-apocalyptic_collapse_of_phoe_39e8a0ea-86f8-4616-b753-dc609086a3d6_0.png",
    "slug": null,
    "state": "public",
    "isWip": null,
    "isDraft": null,
    "entityClass": "Image",
    "icon": "fa-solid fa-image",
    "url": "https://wa-cdn.nyc3.digitaloceanspaces.com/user-data/production/ee136645-e433-489b-a47f-314d4364e12e/uploads/images/b07b31d6d19f094231a55a66afa066fd.png",
    "subscribergroups": [],
    "folderId": "-1",
    "tags": null,
    "updateDate": {
        "date": "2025-09-12 17:39:26.000000",
        "timezone_type": 3,
        "timezone": "Europe/London"
    },
    "filename": "b07b31d6d19f094231a55a66afa066fd.png",
    "path": "https://wa-cdn.nyc3.digitaloceanspaces.com/user-data/production/ee136645-e433-489b-a47f-314d4364e12e/uploads/images",
    "size": 2002284,
    "width": 1024,
    "height": 1024,
    "extension": "png",
    "description": null,
    "alt": null,
    "creditArtistName": null,
    "creditArtistWebsite": null,
    "creditArtTitle": null,
    "creditArtUrl": null,
    "creationDate": {
        "date": "2025-09-12 17:39:26.000000",
        "timezone_type": 3,
        "timezone": "Europe/London"
    },
    "views": null,
    "likes": null,
    "isFeatured": false,
    "linkUrl": null,
    "pageUrl": "https://www.worldanvil.com/i/6984937",
    "isEditable": true,
    "success": true
}