{
    "id": 6931033,
    "title": "Screen Shot 2025-08-22 at 4.26.12 PM.png",
    "slug": null,
    "state": "public",
    "isWip": null,
    "isDraft": null,
    "entityClass": "Image",
    "icon": "fa-solid fa-image",
    "url": "https://wa-cdn.nyc3.digitaloceanspaces.com/user-data/production/ee136645-e433-489b-a47f-314d4364e12e/uploads/map/513b5f4ea3673f1a744d72fb46fe3327.png",
    "subscribergroups": [],
    "folderId": "-1",
    "tags": null,
    "updateDate": {
        "date": "2025-08-22 21:26:43.000000",
        "timezone_type": 3,
        "timezone": "Europe/London"
    },
    "filename": "513b5f4ea3673f1a744d72fb46fe3327.png",
    "path": "https://wa-cdn.nyc3.digitaloceanspaces.com/user-data/production/ee136645-e433-489b-a47f-314d4364e12e/uploads/map",
    "size": 1560008,
    "width": 1132,
    "height": 699,
    "extension": "png",
    "description": null,
    "alt": null,
    "creditArtistName": null,
    "creditArtistWebsite": null,
    "creditArtTitle": null,
    "creditArtUrl": null,
    "creationDate": {
        "date": "2025-08-22 21:26:43.000000",
        "timezone_type": 3,
        "timezone": "Europe/London"
    },
    "views": null,
    "likes": null,
    "isFeatured": false,
    "linkUrl": null,
    "pageUrl": "https://www.worldanvil.com/i/6931033",
    "isEditable": true,
    "success": true
}