{
    "id": 6962103,
    "title": "crossblossom_A_photo_realistic_image_of_a_Rimeblood_a_Wendigo_0f285d95-69cc-4b8f-976c-9f0c0001abd6_0.png",
    "slug": null,
    "state": "public",
    "isWip": null,
    "isDraft": null,
    "entityClass": "Image",
    "icon": "fa-solid fa-image",
    "url": "https://wa-cdn.nyc3.cdn.digitaloceanspaces.com/user-data/production/ee136645-e433-489b-a47f-314d4364e12e/uploads/images/3cc2707aa6f0964fe480a3dcec734da0.png",
    "subscribergroups": [],
    "folderId": "-1",
    "tags": null,
    "updateDate": {
        "date": "2025-09-03 19:06:13.000000",
        "timezone_type": 3,
        "timezone": "Europe/London"
    },
    "filename": "3cc2707aa6f0964fe480a3dcec734da0.png",
    "path": "https://wa-cdn.nyc3.cdn.digitaloceanspaces.com/user-data/production/ee136645-e433-489b-a47f-314d4364e12e/uploads/images",
    "size": 1300055,
    "width": 1024,
    "height": 1024,
    "extension": "png",
    "description": null,
    "alt": null,
    "creditArtistName": null,
    "creditArtistWebsite": null,
    "creditArtTitle": null,
    "creditArtUrl": null,
    "creationDate": {
        "date": "2025-09-03 19:06:13.000000",
        "timezone_type": 3,
        "timezone": "Europe/London"
    },
    "views": 1,
    "likes": null,
    "isFeatured": false,
    "linkUrl": null,
    "pageUrl": "https://www.worldanvil.com/i/6962103",
    "isEditable": true,
    "success": true
}