{
    "id": 6931068,
    "title": "Screen Shot 2025-08-22 at 4.34.15 PM.png",
    "slug": null,
    "state": "public",
    "isWip": null,
    "isDraft": null,
    "entityClass": "Image",
    "icon": "fa-solid fa-image",
    "url": "https://wa-cdn.nyc3.digitaloceanspaces.com/user-data/production/ee136645-e433-489b-a47f-314d4364e12e/uploads/map/3b489b479eddcf92176e77d46e60b989.png",
    "subscribergroups": [],
    "folderId": "-1",
    "tags": null,
    "updateDate": {
        "date": "2025-08-22 21:41:41.000000",
        "timezone_type": 3,
        "timezone": "Europe/London"
    },
    "filename": "3b489b479eddcf92176e77d46e60b989.png",
    "path": "https://wa-cdn.nyc3.digitaloceanspaces.com/user-data/production/ee136645-e433-489b-a47f-314d4364e12e/uploads/map",
    "size": 1848075,
    "width": 1235,
    "height": 629,
    "extension": "png",
    "description": null,
    "alt": null,
    "creditArtistName": null,
    "creditArtistWebsite": null,
    "creditArtTitle": null,
    "creditArtUrl": null,
    "creationDate": {
        "date": "2025-08-22 21:41:41.000000",
        "timezone_type": 3,
        "timezone": "Europe/London"
    },
    "views": null,
    "likes": null,
    "isFeatured": false,
    "linkUrl": null,
    "pageUrl": "https://www.worldanvil.com/i/6931068",
    "isEditable": true,
    "success": true
}