{
    "id": 6996548,
    "title": "agave_deserti.jpg",
    "slug": null,
    "state": "public",
    "isWip": null,
    "isDraft": null,
    "entityClass": "Image",
    "icon": "fa-solid fa-image",
    "url": "https://wa-cdn.nyc3.digitaloceanspaces.com/user-data/production/ee136645-e433-489b-a47f-314d4364e12e/uploads/images/856cb4a94774e99794be1f03333c1933.jpeg",
    "subscribergroups": [],
    "folderId": "-1",
    "tags": null,
    "updateDate": {
        "date": "2025-09-17 14:26:04.000000",
        "timezone_type": 3,
        "timezone": "Europe/London"
    },
    "filename": "856cb4a94774e99794be1f03333c1933.jpeg",
    "path": "https://wa-cdn.nyc3.digitaloceanspaces.com/user-data/production/ee136645-e433-489b-a47f-314d4364e12e/uploads/images",
    "size": 57823,
    "width": 420,
    "height": 425,
    "extension": "jpeg",
    "description": null,
    "alt": null,
    "creditArtistName": null,
    "creditArtistWebsite": null,
    "creditArtTitle": null,
    "creditArtUrl": null,
    "creationDate": {
        "date": "2025-09-17 14:26:04.000000",
        "timezone_type": 3,
        "timezone": "Europe/London"
    },
    "views": null,
    "likes": null,
    "isFeatured": false,
    "linkUrl": null,
    "pageUrl": "https://www.worldanvil.com/i/6996548",
    "isEditable": true,
    "success": true
}