{
    "id": 6984816,
    "title": "crossblossom_Photo_of_a_coyote_that_has_mutated_to_adapt_to_i_c7dce6a3-feb9-49d7-afd2-b5b39e595c40_3.png",
    "slug": null,
    "state": "public",
    "isWip": null,
    "isDraft": null,
    "entityClass": "Image",
    "icon": "fa-solid fa-image",
    "url": "https://wa-cdn.nyc3.digitaloceanspaces.com/user-data/production/ee136645-e433-489b-a47f-314d4364e12e/uploads/images/99d5ba33b58a73b8e922b5cba433ed2f.png",
    "subscribergroups": [],
    "folderId": "-1",
    "tags": null,
    "updateDate": {
        "date": "2025-09-12 16:08:17.000000",
        "timezone_type": 3,
        "timezone": "Europe/London"
    },
    "filename": "99d5ba33b58a73b8e922b5cba433ed2f.png",
    "path": "https://wa-cdn.nyc3.digitaloceanspaces.com/user-data/production/ee136645-e433-489b-a47f-314d4364e12e/uploads/images",
    "size": 1801413,
    "width": 1024,
    "height": 1024,
    "extension": "png",
    "description": null,
    "alt": null,
    "creditArtistName": null,
    "creditArtistWebsite": null,
    "creditArtTitle": null,
    "creditArtUrl": null,
    "creationDate": {
        "date": "2025-09-12 16:08:17.000000",
        "timezone_type": 3,
        "timezone": "Europe/London"
    },
    "views": null,
    "likes": null,
    "isFeatured": false,
    "linkUrl": null,
    "pageUrl": "https://www.worldanvil.com/i/6984816",
    "isEditable": true,
    "success": true
}