{
    "id": 7001663,
    "title": "crossblossom_a_construction_worker_in_his_mid-forties_in_a_po_ae99df6f-799a-4812-bea8-3068260d3cd9_3 (1).png",
    "slug": null,
    "state": "public",
    "isWip": null,
    "isDraft": null,
    "entityClass": "Image",
    "icon": "fa-solid fa-image",
    "url": "https://wa-cdn.nyc3.digitaloceanspaces.com/user-data/production/ee136645-e433-489b-a47f-314d4364e12e/uploads/images/cd2eb7f3e9fc193d357bce2b1251eff0.png",
    "subscribergroups": [],
    "folderId": "-1",
    "tags": null,
    "updateDate": {
        "date": "2025-09-19 18:58:14.000000",
        "timezone_type": 3,
        "timezone": "Europe/London"
    },
    "filename": "cd2eb7f3e9fc193d357bce2b1251eff0.png",
    "path": "https://wa-cdn.nyc3.digitaloceanspaces.com/user-data/production/ee136645-e433-489b-a47f-314d4364e12e/uploads/images",
    "size": 1427576,
    "width": 1456,
    "height": 816,
    "extension": "png",
    "description": null,
    "alt": null,
    "creditArtistName": null,
    "creditArtistWebsite": null,
    "creditArtTitle": null,
    "creditArtUrl": null,
    "creationDate": {
        "date": "2025-09-19 18:58:14.000000",
        "timezone_type": 3,
        "timezone": "Europe/London"
    },
    "views": null,
    "likes": null,
    "isFeatured": false,
    "linkUrl": null,
    "pageUrl": "https://www.worldanvil.com/i/7001663",
    "isEditable": true,
    "success": true
}