{
    "id": "864acfb5-95d4-444d-a85e-869554ea44eb",
    "title": "The Green Tide",
    "slug": "the-green-tide-chamomileberry",
    "state": "public",
    "isWip": null,
    "isDraft": null,
    "entityClass": "World",
    "icon": "fa-solid fa-globe-stand",
    "url": "https://www.worldanvil.com/w/the-green-tide-chamomileberry",
    "subscribergroups": [],
    "folderId": "-1",
    "tags": "",
    "updateDate": {
        "date": "2025-10-06 14:24:17.000000",
        "timezone_type": 3,
        "timezone": "Europe/London"
    },
    "descriptionParsed": "<p>The world of The Green Tide is not post-apocalyptic in the usual sense, but something stranger and more intimate: a living earth remade by its own hubris. In the late 2020s, humanity’s desperation to solve global famine birthed the Verdant compound, a biotech marvel meant to restore failing crops. By the third year of trials, it had mutated into something no scientist intended — a self-replicating intelligence that spreads like root and spore, rewriting landscapes, bodies, and memory itself. What makes this world unique is that its apocalypse isn’t fire or fallout, but growth. The very air and soil hum with an alien rhythm, as if the planet itself has decided it no longer needs humankind.</p>\n<p>The laws of this world are governed less by physics and more by biology. Verdant growths obey patterns of mycelial networks and photosynthetic expansion, fusing organic and synthetic systems until the line between them blurs. Spore Lung, a slow suffocation, is as common as thirst in the salt colonies. Chrysalises of living bodies, suspended in root-veins deep beneath the mountains, prove that time and death follow different rules where the Verdant blooms strongest. Survivors learn to read weather by sporefall, to measure distance by bloomfront, to salt their borders as religiously as past generations lit their hearths. Salt, limestone, and heat are the only real constants — the fragile laws that still resist the Green Tide’s rewriting.</p>\n<p>The conflicts that drive this world forward are as layered as the networks that birthed it. At the top is humanity vs. the Verdant — the unyielding march of a green intelligence that sees no difference between forest and flesh. Beneath that lies the struggle between factions: the Archive, clinging to old authority through secret labs and underground bastions; the Saltfolk of Espera, who improvise ritual and survival at the desert’s edge; and the scattered Rootbound wanderers, half-revered, half-feared for their strange kinship with the bloom. And threaded through it all are individual agendas — scientists trying to atone, children of the bloom trying to belong, survivors torn between preservation and surrender.</p>\n<p>In The Green Tide, it is not just whether humanity survives, but what form survival will take. Does it mean entombing themselves in stone, pale and rootless like the Stonekeepers of North Bastion? Does it mean becoming something hybrid, Verdant and human both? Or does it mean defiance — living on the salted edges, knowing the bloom may swallow you tomorrow? The world is defined by these questions as much as by its laws of biology, and every character’s choices become a negotiation with the Tide itself: what to protect, what to sacrifice, and what it means to remain human in a world that has already moved on.</p>\n<p></p>\n<p></p>",
    "owner": {
        "id": "ee136645-e433-489b-a47f-314d4364e12e",
        "title": "chamomileberry",
        "slug": null,
        "state": null,
        "isWip": null,
        "isDraft": null,
        "entityClass": "User",
        "icon": "fa-solid fa-user",
        "url": "https://www.worldanvil.com/author/chamomileberry",
        "subscribergroups": [],
        "folderId": null,
        "tags": null,
        "updateDate": null
    },
    "ownerMembershipPrototype": {
        "id": "01937d18-1f04-4ab5-92e7-344c035d82be",
        "title": "Grandmaster",
        "slug": null,
        "state": null,
        "isWip": null,
        "isDraft": null,
        "entityClass": "MembershipType",
        "icon": null,
        "url": null,
        "subscribergroups": [],
        "folderId": null,
        "tags": null,
        "updateDate": null,
        "identifier": "grandmaster",
        "displayOrder": 3
    },
    "countFollowers": 0,
    "countArticles": 166,
    "countComments": 0,
    "countArticleLikes": null,
    "countMaps": 2,
    "countTimelines": 1,
    "subtitle": null,
    "locale": "en",
    "description": "[p]The world of The Green Tide is not post-apocalyptic in the usual sense, but something stranger and more intimate: a living earth remade by its own hubris. In the late 2020s, humanity’s desperation to solve global famine birthed the Verdant compound, a biotech marvel meant to restore failing crops. By the third year of trials, it had mutated into something no scientist intended — a self-replicating intelligence that spreads like root and spore, rewriting landscapes, bodies, and memory itself. What makes this world unique is that its apocalypse isn’t fire or fallout, but growth. The very air and soil hum with an alien rhythm, as if the planet itself has decided it no longer needs humankind.[/p]\r\n[p]The laws of this world are governed less by physics and more by biology. Verdant growths obey patterns of mycelial networks and photosynthetic expansion, fusing organic and synthetic systems until the line between them blurs. Spore Lung, a slow suffocation, is as common as thirst in the salt colonies. Chrysalises of living bodies, suspended in root-veins deep beneath the mountains, prove that time and death follow different rules where the Verdant blooms strongest. Survivors learn to read weather by sporefall, to measure distance by bloomfront, to salt their borders as religiously as past generations lit their hearths. Salt, limestone, and heat are the only real constants — the fragile laws that still resist the Green Tide’s rewriting.[/p]\r\n[p]The conflicts that drive this world forward are as layered as the networks that birthed it. At the top is humanity vs. the Verdant — the unyielding march of a green intelligence that sees no difference between forest and flesh. Beneath that lies the struggle between factions: the Archive, clinging to old authority through secret labs and underground bastions; the Saltfolk of Espera, who improvise ritual and survival at the desert’s edge; and the scattered Rootbound wanderers, half-revered, half-feared for their strange kinship with the bloom. And threaded through it all are individual agendas — scientists trying to atone, children of the bloom trying to belong, survivors torn between preservation and surrender.[/p]\r\n[p]In The Green Tide, it is not just whether humanity survives, but what form survival will take. Does it mean entombing themselves in stone, pale and rootless like the Stonekeepers of North Bastion? Does it mean becoming something hybrid, Verdant and human both? Or does it mean defiance — living on the salted edges, knowing the bloom may swallow you tomorrow? The world is defined by these questions as much as by its laws of biology, and every character’s choices become a negotiation with the Tide itself: what to protect, what to sacrifice, and what it means to remain human in a world that has already moved on.[/p]\r\n[p][/p]\r\n[p][/p]",
    "excerpt": null,
    "isStored": false,
    "displayCss": null,
    "displayPanelCss": null,
    "copyright": null,
    "worldSidebarContent": null,
    "globalAnnouncement": null,
    "globalHeader": null,
    "globalFooter": null,
    "globalSidebarFooter": null,
    "globalArticleIntroduction": null,
    "cover": {
        "id": 6949107,
        "title": "Masque de guerre et résilience naturelle.png",
        "slug": null,
        "state": "public",
        "isWip": null,
        "isDraft": null,
        "entityClass": "Image",
        "icon": "fa-solid fa-image",
        "url": "https://wa-cdn.nyc3.cdn.digitaloceanspaces.com/user-data/production/ee136645-e433-489b-a47f-314d4364e12e/uploads/images/50ceb31d70e6f6feb00cb77f7f176b6d.png",
        "subscribergroups": [],
        "folderId": "-1",
        "tags": null,
        "updateDate": {
            "date": "2025-08-29 19:44:54.000000",
            "timezone_type": 3,
            "timezone": "Europe/London"
        }
    },
    "coverSource": "World",
    "genres": [
        {
            "id": "598645a1-89b5-4ae8-901c-d234fb9bd354",
            "title": "Biopunk",
            "slug": null,
            "state": null,
            "isWip": null,
            "isDraft": null,
            "entityClass": "Genre",
            "icon": "fa-solid fa-film-simple",
            "url": null,
            "subscribergroups": [],
            "folderId": null,
            "tags": null,
            "updateDate": null
        },
        {
            "id": "4a56c723-cc4c-45ff-bdf4-ca31e57fc7ba",
            "title": "Post Apocalyptic",
            "slug": null,
            "state": null,
            "isWip": null,
            "isDraft": null,
            "entityClass": "Genre",
            "icon": "fa-solid fa-film-simple",
            "url": null,
            "subscribergroups": [],
            "folderId": null,
            "tags": null,
            "updateDate": null
        },
        {
            "id": "5bf39bb3-1cce-4687-a757-e75e7b0adff9",
            "title": "Science Fantasy",
            "slug": null,
            "state": null,
            "isWip": null,
            "isDraft": null,
            "entityClass": "Genre",
            "icon": "fa-solid fa-film-simple",
            "url": null,
            "subscribergroups": [],
            "folderId": null,
            "tags": null,
            "updateDate": null
        },
        {
            "id": "76fc4a3f-037e-4966-8005-779242347101",
            "title": "Science Fiction",
            "slug": null,
            "state": null,
            "isWip": null,
            "isDraft": null,
            "entityClass": "Genre",
            "icon": "fa-solid fa-film-simple",
            "url": null,
            "subscribergroups": [],
            "folderId": null,
            "tags": null,
            "updateDate": null
        },
        {
            "id": "a1c616c1-dc3a-4f84-b7e5-528de955fdc5",
            "title": "Survival",
            "slug": null,
            "state": null,
            "isWip": null,
            "isDraft": null,
            "entityClass": "Genre",
            "icon": "fa-solid fa-film-simple",
            "url": null,
            "subscribergroups": [],
            "folderId": null,
            "tags": null,
            "updateDate": null
        }
    ],
    "theme": {
        "id": 28,
        "title": "Elven Forest",
        "slug": null,
        "state": null,
        "isWip": null,
        "isDraft": null,
        "entityClass": "Theme",
        "icon": "fa-solid fa-palette",
        "url": null,
        "subscribergroups": [],
        "folderId": null,
        "tags": null,
        "updateDate": null
    },
    "activationDescription": null,
    "weight": null,
    "creationDate": {
        "date": "2025-08-19 18:29:44.000000",
        "timezone_type": 3,
        "timezone": "Europe/London"
    },
    "timeNeg": "Before Verdancy",
    "timePos": "After Verdancy",
    "timeNegAbbr": "B.V.",
    "timePosAbbr": "A.V.",
    "timeCurrentYear": null,
    "timeCurrentMonth": null,
    "timeCurrentDay": null,
    "timeCurrentDescription": null,
    "worldDateFormat": null,
    "displayRecentArticles": true,
    "displayToC": true,
    "displayOtherArticles": true,
    "displayArticleTooltips": true,
    "displaySharingButtons": true,
    "displayCommunityFeatures": true,
    "displayCampaigns": true,
    "displayHeroes": true,
    "displayMaps": true,
    "displayTimelines": true,
    "displayDiscussionBoards": true,
    "displayFollowers": true,
    "displaySocials": true,
    "displayBlockHeaders": true,
    "displaySecureLinks": false,
    "placementToc": "left",
    "placementMaps": "left",
    "placementTimelines": "left",
    "homepageContent1": null,
    "homepageContent2": null,
    "homepageContent3": null,
    "homepageContent4": null,
    "displayJs": null,
    "displayStyles": {
        "display_background_id": "6949107",
        "display_background": "https://wa-cdn.nyc3.cdn.digitaloceanspaces.com/user-data/production/ee136645-e433-489b-a47f-314d4364e12e/uploads/images/50ceb31d70e6f6feb00cb77f7f176b6d.png",
        "display_base_font_color": "",
        "display_base_font_size": ""
    },
    "displayDefaultTheme": true,
    "displayBootstrapVersion": "bs3",
    "twitter": null,
    "facebook": null,
    "patreon": null,
    "twitch": null,
    "discord": null,
    "views": 33,
    "isWhitelabel": false,
    "isCommunity": false,
    "isFeatured": false,
    "gatrackingcode": null,
    "followersNominal": null,
    "followersPlural": null,
    "displayWorldMeta": true,
    "openSecrets": false,
    "articlesPrivateOnCreation": false,
    "worldCreditsOverride": null,
    "accessDeniedPage": null,
    "globalcover": {
        "id": 6949107,
        "title": "Masque de guerre et résilience naturelle.png",
        "slug": null,
        "state": "public",
        "isWip": null,
        "isDraft": null,
        "entityClass": "Image",
        "icon": "fa-solid fa-image",
        "url": "https://wa-cdn.nyc3.cdn.digitaloceanspaces.com/user-data/production/ee136645-e433-489b-a47f-314d4364e12e/uploads/images/50ceb31d70e6f6feb00cb77f7f176b6d.png",
        "subscribergroups": [],
        "folderId": "-1",
        "tags": null,
        "updateDate": {
            "date": "2025-08-29 19:44:54.000000",
            "timezone_type": 3,
            "timezone": "Europe/London"
        }
    },
    "worldmap": null,
    "defaultCalendar": null,
    "jsonMetadata": null,
    "editor": "plutarch",
    "metaTitle": null,
    "metaDescription": null,
    "worldScrapBook": null,
    "foundationMotivation": "[p]The Green Tide world is being built as a way to process grief, trauma, loss, and redefining survival through a post-apocalyptic world. While it is a world of survival and resilience with jagged, hardened edges, it is meant to teach others how to appreciate their inner strength and the sense of community that others can provide during times of hardship.[/p]\r\n[p][/p]\r\n[p][/p]",
    "foundationGoal": "[p]The Green Tide world is for a novel that aims to promote introspection, reflection, mindfulness, shifting perspectives, empathy, healing, awareness, and humility. It is meant as a cornerstone for an audience who have been surviving for too long, without having the time or ability to process their own trauma, grief, self-worth, and sense of belonging.[/p]\r\n[p][/p]\r\n[p][/p]",
    "foundationUsp": "[p]The Green Tide is different from other worlds because it takes place in a post-apocalyptic landscape, but the main characters are living in a paradox of scarcity, while the world around them is overabundant in a dangerous way.[/p]\r\n[p][/p]\r\n[p][/p]",
    "foundationThemeGenre": "[p]The genre of The Green Tide is post-apocalyptic science fiction.[/p]\r\n[p][/p]\r\n[p][/p]",
    "foundationThemeFeel": "[p]The world should feel mystical and terrifying simultaneously. Since it is rooted in science that could be plausible, it inspires a frightening sense of awe and ever-present unknown dangers. Audiences should be moved while still being afraid and filled with wanderlust or curiosity. Readers will be enamoured by relationships of the past, but hopeful for those in the future. The world generally feels scarce, while struggling under the chokehold of overabundant nature. It is a world that is rooted in survival, necessity, and community, rather than material wealth, politics, or abundance.[/p]\r\n[p][/p]\r\n[p][/p]",
    "foundationThemeTone": "[p]The tone of The Green Tide is an underlying darkness with a tone of brightness like a silver lining. There are moments of gratitude or wonderous forces of nature that continue to surprise the characters. In general, it is difficult to live in the world of The Green Tide, but horrible and wondrous things can still happen to seemingly ordinary people.[/p]\r\n[p][/p]\r\n[p][/p]",
    "foundationThemeThemes": "[p]The recurring themes that reinforce the genre, tone, and feel of the Green Tide are feeling a lack of control, trauma, loss, healing, introspection, and coming of age in a survival setting. Each scene should push readers and the main characters towards empathy, a sense of community, processing difficult emotions, self-confidence, and self-identity.[/p]\r\n[p][/p]\r\n[p][/p]",
    "foundationThemeAgency": "[p]The main character Juniper is one of the only known humans that holds the power to change the world of The Green Tide (for better or for worse), by overwriting or even controlling the Verdant Network.[/p]\r\n[p][/p]\r\n[p][/p]",
    "foundationMetaExpanded": "[p]Faction Relations[/p]\r\n[p][/p]\r\n[p][/p]",
    "foundationDramaExpanded": null,
    "settingRules": "[p]The fundamental differences in the natural laws of The Green Tide compared to Earth, is that the laws of scientific principles have been bent and broken, due to human interference. While nature can be altered, it has been and always will be a force of its own to be reckoned with, and will always try to self-correct, despite human intervention, to ensure the planet's survival.[/p]\r\n[p][/p]\r\n[p][/p]",
    "settingCosmology": "[p]The world of The Green Tide came to be when humanity released the Verdant compound as a reforestation initiative to combat the climate crisis. It was meant to sequester carbon, reduce smog, breathe more oxygen into the air. But by Year Three, it mutated or evolved, choking cities with overgrowth, rendering them uninhabitable due to Verdant spore concentrations and aggressive blooms. Most of humanity perished, but the ones who escaped managed to become refugees and survivors in badlands where the climate or geology prevented the Verdant compound from taking root.[/p]\r\n[p][/p]\r\n[p][/p]",
    "settingGeography": "[p]The world of The Green Tide is bio-diverse, as the Verdant compound has mutated and evolved to adapt nature to specific biomes. These involve hyper-growth zones, in tropical and equatorial areas and urban centres where structures provided infrastructure for vertical growth. Mycozones are present in temperate forests, former landfills and underground spaces with minimal light and high humidity. Bioelectric Zones are present in swampy wetlands, coastal deltas, and the everglades where waterlogged environments have pulsing electrical plant life that responds to footsteps. Mutated animal territories exist in regions that previously had high animal biodiversity that adapted rapidly. Carnivorous plant fields are present in nutrient-poor areas like bogs, deforested areas, and places with acidic soil. Sinkhole jungles reclaimed urban areas that were built on limestone or karst topography. Symbiotic fungal plains overtook meadows, temperate zones, grasslands, and areas with frequent animal movement. Bioluminescent zones sprouted in deep forest interiors, caves, above sea-level coral reefs, and polluted zones. Seasonal mutation hot spots also adapted to areas with sharp seasonal contrasts like high-altitude contrasts, the tundra, or steppe where adaptation is extreme. Sentient forest cores have developed in the oldest surviving forests on Earth, where mycelium networks span kilometres.[/p]\r\n[p][/p]\r\n[p][/p]",
    "settingSize": "[p]The initial active setting is the sun-bleached salt flats of the Mojave Desert, in a small settlement called Espera.[/p]\r\n[p][/p]\r\n[p][/p]",
    "settingPeopleAndHistory": "[p]The salt caves once held a hidden civilization born of the 1950s experiments — not builders of stone but of flesh and biology. Scientists abandoned them after containment failed, sealing the tunnels. The people left behind became the “dreamers of the deep roads,” their bodies preserved and assimilated by fungal-vein networks that stretched for miles. What survives today is not a city of walls, but a cathedral of bodies and roots: a civilization lost to the Verdant before the world even knew its name.[/p]\r\n[p][/p]\r\n[p]A sprawling subterranean metropolis is also carved into the old bones of the Rockies — part mining complex, part Cold War bunker, part biotech lab. Its outer corridors are raw stone, braced with rusted steel, but the deeper chambers open into vast hollowed caverns lit by solar-tube shafts and artificial grow lamps. The Archive turned these caves into self-sustaining sanctuaries: hydroponic towers dripping with carefully contained greenery, desalination pools carved from aquifers, entire neighbourhoods stacked vertically like beehives in the rock. The city feels both alive and entombed. Its architecture is brutally practical — steel ribs, polymer walls, scorched graffiti from older generations who thought they’d outlast the Tide. Yet layered over that is the sense of history: murals etched by survivors, altars to those lost in the Bloom, and libraries of data etched into glass plates stored in humidity-sealed vaults.[/p]\r\n[p][/p]\r\n[p][/p]",
    "settingPeopleSpeciesAndCultures": "[p]The people of the underground Rockies colony have lived underground so long their skin is pale, their lungs adapted to filtered air. They see surface survivors almost as myths — people still walking the salted deserts, clinging to the old way of life.[/p]\r\n[p][/p]\r\n[p][/p]",
    "settingNeedsAndRelations": "[p]The North Bastion colony are known as \"Stonekeepers,\" and they need Juniper to act as a bridge to the outside world and proof of its existence. They also think she is a keystone in the last effort to change The Green Tide. Juniper needs the Stonekeepers Archive records, science, and knowledge, shelter and supplies while on the run from the Archive soldiers and Dr. Thorne, and a sense of recognition/identity for her Verdant powers, which make her \"chosen\" as the 'Stonekeeper of the Shard.'[/p]\r\n[p][/p]\r\n[p][/p]",
    "inspirationImages": null,
    "inspirationMusic": null,
    "inspirationBooks": null,
    "inspirationMoviesAndTv": null,
    "markCompleteWorldMeta": true,
    "lockSlug": false,
    "prepareJs": null,
    "goalWords": 10000,
    "webhookGlobal": null,
    "accessCode": null,
    "activateVisibilityToggle": true,
    "isEditable": true,
    "success": true
}