{
    "id": "64b8d814-f65a-4173-add0-335d769fec33",
    "title": "The Green Tide Timeline",
    "slug": "the-green-tide-timeline-timeline",
    "state": "public",
    "isWip": null,
    "isDraft": null,
    "entityClass": "Timeline",
    "icon": "fa-solid fa-timeline",
    "url": "https://www.worldanvil.com/w/the-green-tide-chamomileberry/t/the-green-tide-timeline-timeline",
    "subscribergroups": [],
    "folderId": "-1",
    "tags": null,
    "updateDate": {
        "date": "2025-09-08 17:48:10.000000",
        "timezone_type": 3,
        "timezone": "Europe/London"
    },
    "description": null,
    "creationDate": {
        "date": "2025-08-20 11:52:31.000000",
        "timezone_type": 3,
        "timezone": "Europe/London"
    },
    "utdOffset": null,
    "type": "parallel",
    "showInToc": true,
    "views": 6,
    "likes": null,
    "presentationParameters": "{\"color\":\"#68bc00\"}",
    "allowComments": true,
    "version": "horae",
    "displayRenderType": "scaled",
    "displayCss": null,
    "displayCenterYear": "2028",
    "backgroundImage": null,
    "world": {
        "id": "864acfb5-95d4-444d-a85e-869554ea44eb",
        "title": "The Green Tide",
        "slug": "the-green-tide-chamomileberry",
        "state": "public",
        "isWip": null,
        "isDraft": null,
        "entityClass": "World",
        "icon": "fa-solid fa-globe-stand",
        "url": "https://www.worldanvil.com/w/the-green-tide-chamomileberry",
        "subscribergroups": [],
        "folderId": "-1",
        "tags": "",
        "updateDate": {
            "date": "2025-10-06 14:24:17.000000",
            "timezone_type": 3,
            "timezone": "Europe/London"
        }
    },
    "cover": null,
    "isEditable": true,
    "success": true
}