{
    "id": "08eff579-ee4c-4bdb-9436-53cbec37e801",
    "title": "Project Genesis Launched",
    "slug": null,
    "state": "public",
    "isWip": null,
    "isDraft": null,
    "entityClass": "HistoricalEntry",
    "icon": "fa-solid fa-calendar-lines-pen",
    "url": "https://www.worldanvil.com/w/the-green-tide-chamomileberry/h/08eff579-ee4c-4bdb-9436-53cbec37e801",
    "subscribergroups": [],
    "folderId": "-1",
    "tags": null,
    "updateDate": {
        "date": "2025-08-23 17:49:18.000000",
        "timezone_type": 3,
        "timezone": "Europe/London"
    },
    "significance": 1,
    "year": "2032",
    "month": 1,
    "day": 1,
    "hour": null,
    "minute": null,
    "endingYear": "2032",
    "endingMonth": 1,
    "endingDay": 1,
    "endingHour": null,
    "endingMinute": null,
    "lane": "{\"64b8d814-f65a-4173-add0-335d769fec33\":0}",
    "backgroundColor": null,
    "category": {
        "id": "55ef88c4-6d25-4df6-8863-82736c0a54c2",
        "title": "Scientific achievement",
        "slug": null,
        "state": null,
        "isWip": null,
        "isDraft": null,
        "entityClass": "HistoricalEntryCategory",
        "icon": "ra ra-3x ra-burning-book",
        "url": null,
        "subscribergroups": [],
        "folderId": null,
        "tags": null,
        "updateDate": null
    },
    "content": "[p]The IBCC admits that the Verdant compound cannot be stopped with conventional methods. Emergency Resolution 993 passes, which puts into motion that accelerated biotech measures will be pursued aggressively, and immediately. Project Genesis is authorized as a special research wing. Scientists from surviving labs are consolidated into black-site teams, and Dr. Elan Thorne is tapped as a lead researcher due to being one of the Verdant compound's original architects. The Project Genesis mandate was to identify a method of adaptive human integration capable of neutralizing or controlling the Verdant compound without Hollowing. Funding, military escorts, and human test subjects are allocated under UN oversight.[/p]\n[p][/p]\n[p][/p]\n",
    "fullcontent": null,
    "displayDateName": null,
    "creationDate": {
        "date": "2025-08-23 15:57:33.000000",
        "timezone_type": 3,
        "timezone": "Europe/London"
    },
    "meta": null,
    "likes": null,
    "world": {
        "id": "864acfb5-95d4-444d-a85e-869554ea44eb",
        "title": "The Green Tide",
        "slug": "the-green-tide-chamomileberry",
        "state": "public",
        "isWip": null,
        "isDraft": null,
        "entityClass": "World",
        "icon": "fa-solid fa-globe-stand",
        "url": "https://www.worldanvil.com/w/the-green-tide-chamomileberry",
        "subscribergroups": [],
        "folderId": "-1",
        "tags": "",
        "updateDate": {
            "date": "2025-10-06 14:24:17.000000",
            "timezone_type": 3,
            "timezone": "Europe/London"
        }
    },
    "displayRange": true,
    "isEditable": true,
    "success": true
}