{
    "id": "3982f136-c376-4b3f-beff-49fbabe63403",
    "title": "Verdant Field Pilot Farmland Launch",
    "slug": null,
    "state": "public",
    "isWip": null,
    "isDraft": null,
    "entityClass": "HistoricalEntry",
    "icon": "fa-solid fa-calendar-lines-pen",
    "url": "https://www.worldanvil.com/w/the-green-tide-chamomileberry/h/3982f136-c376-4b3f-beff-49fbabe63403",
    "subscribergroups": [],
    "folderId": "-1",
    "tags": null,
    "updateDate": {
        "date": "2025-08-23 17:40:31.000000",
        "timezone_type": 3,
        "timezone": "Europe/London"
    },
    "significance": 1,
    "year": "2027",
    "month": 10,
    "day": 17,
    "hour": null,
    "minute": null,
    "endingYear": "2027",
    "endingMonth": 10,
    "endingDay": 17,
    "endingHour": null,
    "endingMinute": null,
    "lane": "{\"64b8d814-f65a-4173-add0-335d769fec33\":5}",
    "backgroundColor": "#68bc00",
    "category": {
        "id": "55ef88c4-6d25-4df6-8863-82736c0a54c2",
        "title": "Scientific achievement",
        "slug": null,
        "state": null,
        "isWip": null,
        "isDraft": null,
        "entityClass": "HistoricalEntryCategory",
        "icon": "ra ra-3x ra-burning-book",
        "url": null,
        "subscribergroups": [],
        "folderId": null,
        "tags": null,
        "updateDate": null
    },
    "content": "[p]The Verdant compound was added to irrigation systems in 40 square kilometres of rice and wheat cropland in Punjab, India, facilitated by the IBCC. The pilot launch was strategically planned to be timed with the winter planting cycle so that results could be seen within months.[/p]\n[p][/p]\n[p][/p]\n",
    "fullcontent": null,
    "displayDateName": null,
    "creationDate": {
        "date": "2025-08-20 14:24:07.000000",
        "timezone_type": 3,
        "timezone": "Europe/London"
    },
    "meta": null,
    "likes": null,
    "world": {
        "id": "864acfb5-95d4-444d-a85e-869554ea44eb",
        "title": "The Green Tide",
        "slug": "the-green-tide-chamomileberry",
        "state": "public",
        "isWip": null,
        "isDraft": null,
        "entityClass": "World",
        "icon": "fa-solid fa-globe-stand",
        "url": "https://www.worldanvil.com/w/the-green-tide-chamomileberry",
        "subscribergroups": [],
        "folderId": "-1",
        "tags": "",
        "updateDate": {
            "date": "2025-10-06 14:24:17.000000",
            "timezone_type": 3,
            "timezone": "Europe/London"
        }
    },
    "displayRange": true,
    "isEditable": true,
    "success": true
}