{
    "id": "a5205e0d-8b7d-4a2c-8bf7-679095259751",
    "title": "Locust Infestations",
    "slug": null,
    "state": "public",
    "isWip": null,
    "isDraft": null,
    "entityClass": "HistoricalEntry",
    "icon": "fa-solid fa-calendar-lines-pen",
    "url": "https://www.worldanvil.com/w/the-green-tide-chamomileberry/h/a5205e0d-8b7d-4a2c-8bf7-679095259751",
    "subscribergroups": [],
    "folderId": "-1",
    "tags": null,
    "updateDate": {
        "date": "2025-08-23 17:37:27.000000",
        "timezone_type": 3,
        "timezone": "Europe/London"
    },
    "significance": 1,
    "year": "2026",
    "month": 9,
    "day": 21,
    "hour": null,
    "minute": null,
    "endingYear": "2026",
    "endingMonth": 12,
    "endingDay": 21,
    "endingHour": null,
    "endingMinute": null,
    "lane": "{\"64b8d814-f65a-4173-add0-335d769fec33\":6}",
    "backgroundColor": null,
    "category": {
        "id": "1546d559-a30d-481c-a716-e27647bf67be",
        "title": "Geological / environmental event",
        "slug": null,
        "state": null,
        "isWip": null,
        "isDraft": null,
        "entityClass": "HistoricalEntryCategory",
        "icon": "ra ra-3x ra-pine-tree",
        "url": null,
        "subscribergroups": [],
        "folderId": null,
        "tags": null,
        "updateDate": null
    },
    "content": "[p]Locust infestations erupt in Sub-Saharan Africa, which are worsened by shifting rainfall cycles and weakened crops. Sorghum and millet harvests in Ethiopia, Kenya, and Sudan collapse by 50%. UN reports classify the event as the largest regional famine risk since the 1980s.[/p]\n[p][/p]\n[p][/p]\n",
    "fullcontent": null,
    "displayDateName": null,
    "creationDate": {
        "date": "2025-08-20 14:03:06.000000",
        "timezone_type": 3,
        "timezone": "Europe/London"
    },
    "meta": null,
    "likes": null,
    "world": {
        "id": "864acfb5-95d4-444d-a85e-869554ea44eb",
        "title": "The Green Tide",
        "slug": "the-green-tide-chamomileberry",
        "state": "public",
        "isWip": null,
        "isDraft": null,
        "entityClass": "World",
        "icon": "fa-solid fa-globe-stand",
        "url": "https://www.worldanvil.com/w/the-green-tide-chamomileberry",
        "subscribergroups": [],
        "folderId": "-1",
        "tags": "",
        "updateDate": {
            "date": "2025-10-06 14:24:17.000000",
            "timezone_type": 3,
            "timezone": "Europe/London"
        }
    },
    "displayRange": true,
    "isEditable": true,
    "success": true
}