{
    "id": "c7fa9878-5caf-45de-a48d-3f76799fa920",
    "title": "Birth of Maelle Corvain",
    "slug": null,
    "state": "public",
    "isWip": null,
    "isDraft": null,
    "entityClass": "HistoricalEntry",
    "icon": "fa-solid fa-calendar-lines-pen",
    "url": "https://www.worldanvil.com/w/the-green-tide-chamomileberry/h/c7fa9878-5caf-45de-a48d-3f76799fa920",
    "subscribergroups": [],
    "folderId": "-1",
    "tags": null,
    "updateDate": {
        "date": "2025-08-28 18:06:49.000000",
        "timezone_type": 3,
        "timezone": "Europe/London"
    },
    "significance": 4,
    "year": "2004",
    "month": 6,
    "day": 11,
    "hour": null,
    "minute": null,
    "endingYear": "2004",
    "endingMonth": 6,
    "endingDay": 11,
    "endingHour": null,
    "endingMinute": null,
    "lane": "{\"64b8d814-f65a-4173-add0-335d769fec33\":6}",
    "backgroundColor": null,
    "category": {
        "id": "d6c9f392-5cdb-4101-aaba-d466fe6c349c",
        "title": "Life, Birth",
        "slug": null,
        "state": null,
        "isWip": null,
        "isDraft": null,
        "entityClass": "HistoricalEntryCategory",
        "icon": "ra ra-3x ra-hearts",
        "url": null,
        "subscribergroups": [],
        "folderId": null,
        "tags": null,
        "updateDate": null
    },
    "content": "[p]Maelle was born in a small desert town in the American Southwest, the kind of place where the hospital was two hours away and most babies came into the world in the close air of a family home. Her mother, [b]Clara Corvain[/b], was practical and sharp-willed, a schoolteacher who carried equal parts exhaustion and fierce devotion to her children. Her father, [b]Isaac Corvain[/b], worked as a mechanic, hands always smelling faintly of oil and iron dust, the kind of man who fixed everyone else’s problems before his own. Together they gave Maelle a quiet, working-class beginning—she wasn’t born into wealth or privilege, but into resilience, into the rhythms of people who survived on community and grit.[/p]\n[p]The day itself was blistering—desert heat shimmering off asphalt, cicadas droning their endless chorus. Clara went into labor early in the morning, and neighbors came and went through the house, bringing cool rags, pitchers of water, and the kind of whispered prayers families pass down for when things could go wrong. By late afternoon, Maelle had arrived: a squalling child with a shock of dark hair and lungs strong enough to shake the house’s plaster walls. Her parents named her [b]Maelle[/b], from a family name Clara had traced back to distant French ancestry—“chief” or “prince,” though Clara always said she liked it because it sounded like stone breaking open, sharp but enduring.[/p]\n[p]What no one knew then was how much her life would echo the day she was born: heat, endurance, and the constant press of survival against the odds. Maelle would grow up carrying both her parents’ traits—the no-nonsense practicality of Clara and the steady, weathered strength of Isaac—long after the world they had raised her for no longer existed.[/p]\n[p][/p]\n[p][/p]\n",
    "fullcontent": null,
    "displayDateName": null,
    "creationDate": {
        "date": "2025-08-28 18:04:23.000000",
        "timezone_type": 3,
        "timezone": "Europe/London"
    },
    "meta": null,
    "likes": null,
    "world": {
        "id": "864acfb5-95d4-444d-a85e-869554ea44eb",
        "title": "The Green Tide",
        "slug": "the-green-tide-chamomileberry",
        "state": "public",
        "isWip": null,
        "isDraft": null,
        "entityClass": "World",
        "icon": "fa-solid fa-globe-stand",
        "url": "https://www.worldanvil.com/w/the-green-tide-chamomileberry",
        "subscribergroups": [],
        "folderId": "-1",
        "tags": "",
        "updateDate": {
            "date": "2025-10-06 14:24:17.000000",
            "timezone_type": 3,
            "timezone": "Europe/London"
        }
    },
    "displayRange": true,
    "isEditable": true,
    "success": true
}