{
    "id": "396bbcd4-ba7f-416e-9afe-7a8a73822bce",
    "title": "Power Grid Failures",
    "slug": null,
    "state": "public",
    "isWip": null,
    "isDraft": null,
    "entityClass": "HistoricalEntry",
    "icon": "fa-solid fa-calendar-lines-pen",
    "url": "https://www.worldanvil.com/w/the-green-tide-chamomileberry/h/396bbcd4-ba7f-416e-9afe-7a8a73822bce",
    "subscribergroups": [],
    "folderId": "-1",
    "tags": null,
    "updateDate": {
        "date": "2025-08-24 14:07:02.000000",
        "timezone_type": 3,
        "timezone": "Europe/London"
    },
    "significance": 0,
    "year": "2031",
    "month": null,
    "day": null,
    "hour": null,
    "minute": null,
    "endingYear": "2035",
    "endingMonth": null,
    "endingDay": null,
    "endingHour": null,
    "endingMinute": null,
    "lane": "{\"64b8d814-f65a-4173-add0-335d769fec33\":0}",
    "backgroundColor": null,
    "category": {
        "id": "2423e52c-4e2c-44e9-9d92-32b877feccfc",
        "title": "Life, Failure / Mishap",
        "slug": null,
        "state": null,
        "isWip": null,
        "isDraft": null,
        "entityClass": "HistoricalEntryCategory",
        "icon": "ra ra-3x ra-falling",
        "url": null,
        "subscribergroups": [],
        "folderId": null,
        "tags": null,
        "updateDate": null
    },
    "content": "[p]Verdant root mats begin splitting pylons, overgrow substations, and Bloom Fronts finish what’s left. By the time Phoenix (2031) and São Paulo (2032) collapse, the regions are already in rolling blackouts. By 2035, after Delhi’s fall, unified national grids are gone. Only local generation (solar panels, small hydro, Archive bunkers) still run.[br][br]2028–2030 (Years 0–2 A.V.) Power grids are still functional. Verdant is celebrated, energy demand actually spikes due to agricultural expansions and research stations. Minor outages occur in pilot zones (roots interfering with substations), but nothing systemic. [br][br]2031–2032 (Years 3–4 A.V.) – Early Strain Bloom Fronts begin hitting urban centres (Phoenix, São Paulo). Power plants and substations in overrun areas are lost permanently. Transmission lines frequently severed by Verdant root surges and storms. Still, national grids remain intact — governments reroute power, patch with diesel generators, ration electricity. [br][br]2033–2035 (Years 5–7 A.V.) – Cascading Failures Collapse of Lagos outskirts (2033) and other megacities puts immense strain on African grids. In the U.S., California and Arizona grids are decimated after Phoenix loss. Rolling blackouts become normal. China’s northern “Green Wall” regions report total transmission failures due to overgrowth on high-voltage pylons. By 2035 (Delhi Bloom Front), continental-scale blackouts are common. Nations can no longer maintain unified grids. [br][br]2036–2038 (Years 8–10 A.V.) – Grid Death [br]At this point, global interconnected grids are gone. Survivors rely on local generation only: Solar arrays (if they can be kept clear of Verdant growth). Hydroelectric in isolated mountain communities. Diesel/gasoline generators (until fuel reserves collapse). The Archive maintains isolated microgrids in their bunkers, prioritizing labs and preservation servers. Settlements like Espera use scavenged solar, batteries, and stripped-down circuits for minimal power.[/p]\n[p][/p]\n[p][/p]\n",
    "fullcontent": null,
    "displayDateName": null,
    "creationDate": {
        "date": "2025-08-24 14:02:15.000000",
        "timezone_type": 3,
        "timezone": "Europe/London"
    },
    "meta": null,
    "likes": null,
    "world": {
        "id": "864acfb5-95d4-444d-a85e-869554ea44eb",
        "title": "The Green Tide",
        "slug": "the-green-tide-chamomileberry",
        "state": "public",
        "isWip": null,
        "isDraft": null,
        "entityClass": "World",
        "icon": "fa-solid fa-globe-stand",
        "url": "https://www.worldanvil.com/w/the-green-tide-chamomileberry",
        "subscribergroups": [],
        "folderId": "-1",
        "tags": "",
        "updateDate": {
            "date": "2025-10-06 14:24:17.000000",
            "timezone_type": 3,
            "timezone": "Europe/London"
        }
    },
    "displayRange": true,
    "isEditable": true,
    "success": true
}