{
    "id": "dd065c23-f869-44db-a7c7-a498c4d4b7f4",
    "title": "Fuel Collapse",
    "slug": null,
    "state": "public",
    "isWip": null,
    "isDraft": null,
    "entityClass": "HistoricalEntry",
    "icon": "fa-solid fa-calendar-lines-pen",
    "url": "https://www.worldanvil.com/w/the-green-tide-chamomileberry/h/dd065c23-f869-44db-a7c7-a498c4d4b7f4",
    "subscribergroups": [],
    "folderId": "-1",
    "tags": null,
    "updateDate": {
        "date": "2025-08-24 14:11:22.000000",
        "timezone_type": 3,
        "timezone": "Europe/London"
    },
    "significance": 0,
    "year": "2036",
    "month": null,
    "day": null,
    "hour": null,
    "minute": null,
    "endingYear": "2040",
    "endingMonth": null,
    "endingDay": null,
    "endingHour": null,
    "endingMinute": null,
    "lane": "{\"64b8d814-f65a-4173-add0-335d769fec33\":4}",
    "backgroundColor": null,
    "category": {
        "id": "2423e52c-4e2c-44e9-9d92-32b877feccfc",
        "title": "Life, Failure / Mishap",
        "slug": null,
        "state": null,
        "isWip": null,
        "isDraft": null,
        "entityClass": "HistoricalEntryCategory",
        "icon": "ra ra-3x ra-falling",
        "url": null,
        "subscribergroups": [],
        "folderId": null,
        "tags": null,
        "updateDate": null
    },
    "content": "[p]2028–2031 (Years 0–3 A.V.) Global oil and fuel production continues. Even with Verdant anomalies, refineries are online. Generators and vehicles function normally. [br][br]2032–2034 (Years 4–6 A.V.) Major refineries begin falling as Bloom Fronts take ports, coasts, and pipelines. Fuel rationing widespread. Archive and military forces stockpile aggressively. Rural survivors still able to siphon from abandoned stations, but stabilizer shortages mean rapid spoilage. [br][br]2035 (Year 7 A.V.) – Delhi Collapse After this point, global refining effectively ends. Fuel reserves are guarded by surviving governments, militaries, and Archive enclaves. Civilian access plummets. Vehicles in settlements like Espera become rare relics. [br][br]2036–2038 (Years 8–10 A.V.) Most gasoline is unusable. Engines that rely on scavenged gas sputter and die. Diesel lingers in bunkers and silos — but only for those who treated and protected it. Archive stations still run some generators. [br][br]By ~2040 (Year 12 A.V.) Outside of Archive and Rootbound warlords with hoarded reserves, liquid fuel is effectively gone. Settlements shift fully to solar scavenging, salt lamps, wood/charcoal, and tiny battery microgrids.[/p]\n[p][/p]\n[p][/p]\n",
    "fullcontent": null,
    "displayDateName": null,
    "creationDate": {
        "date": "2025-08-24 14:09:05.000000",
        "timezone_type": 3,
        "timezone": "Europe/London"
    },
    "meta": null,
    "likes": null,
    "world": {
        "id": "864acfb5-95d4-444d-a85e-869554ea44eb",
        "title": "The Green Tide",
        "slug": "the-green-tide-chamomileberry",
        "state": "public",
        "isWip": null,
        "isDraft": null,
        "entityClass": "World",
        "icon": "fa-solid fa-globe-stand",
        "url": "https://www.worldanvil.com/w/the-green-tide-chamomileberry",
        "subscribergroups": [],
        "folderId": "-1",
        "tags": "",
        "updateDate": {
            "date": "2025-10-06 14:24:17.000000",
            "timezone_type": 3,
            "timezone": "Europe/London"
        }
    },
    "displayRange": true,
    "isEditable": true,
    "success": true
}