{
    "id": "f260e2bf-9a90-4e63-ae4c-b3463eca9550",
    "title": "Uncontrolled Second-Stage Rooting",
    "slug": null,
    "state": "public",
    "isWip": null,
    "isDraft": null,
    "entityClass": "HistoricalEntry",
    "icon": "fa-solid fa-calendar-lines-pen",
    "url": "https://www.worldanvil.com/w/the-green-tide-chamomileberry/h/f260e2bf-9a90-4e63-ae4c-b3463eca9550",
    "subscribergroups": [],
    "folderId": "-1",
    "tags": null,
    "updateDate": {
        "date": "2025-08-23 17:44:55.000000",
        "timezone_type": 3,
        "timezone": "Europe/London"
    },
    "significance": 2,
    "year": "2031",
    "month": 1,
    "day": 8,
    "hour": null,
    "minute": null,
    "endingYear": "2031",
    "endingMonth": 1,
    "endingDay": 8,
    "endingHour": null,
    "endingMinute": null,
    "lane": "{\"64b8d814-f65a-4173-add0-335d769fec33\":6}",
    "backgroundColor": "#68bc00",
    "category": {
        "id": "a2473aad-6700-409e-a19f-e65833268a63",
        "title": "Disaster / Destruction",
        "slug": null,
        "state": null,
        "isWip": null,
        "isDraft": null,
        "entityClass": "HistoricalEntryCategory",
        "icon": "ra ra-3x ra-explosion",
        "url": null,
        "subscribergroups": [],
        "folderId": null,
        "tags": null,
        "updateDate": null
    },
    "content": "[p]In Rajasthan, India, Verdant test crops begin showing uncontrolled second-stage rooting. Root mats had begun piercing concrete irrigation channels and destabilizing nearby structures. Bioengineers warned that the compound was adapting beyond intended parameters, but the report was buried as \"structural mismanagement.\"[/p]\n[p][/p]\n[p][/p]\n",
    "fullcontent": null,
    "displayDateName": null,
    "creationDate": {
        "date": "2025-08-20 14:39:31.000000",
        "timezone_type": 3,
        "timezone": "Europe/London"
    },
    "meta": null,
    "likes": null,
    "world": {
        "id": "864acfb5-95d4-444d-a85e-869554ea44eb",
        "title": "The Green Tide",
        "slug": "the-green-tide-chamomileberry",
        "state": "public",
        "isWip": null,
        "isDraft": null,
        "entityClass": "World",
        "icon": "fa-solid fa-globe-stand",
        "url": "https://www.worldanvil.com/w/the-green-tide-chamomileberry",
        "subscribergroups": [],
        "folderId": "-1",
        "tags": "",
        "updateDate": {
            "date": "2025-10-06 14:24:17.000000",
            "timezone_type": 3,
            "timezone": "Europe/London"
        }
    },
    "displayRange": true,
    "isEditable": true,
    "success": true
}