{
    "id": "40962d99-1aaa-4b62-b005-349208ea951f",
    "title": "Mika's Symptoms Begin",
    "slug": null,
    "state": "public",
    "isWip": null,
    "isDraft": null,
    "entityClass": "HistoricalEntry",
    "icon": "fa-solid fa-calendar-lines-pen",
    "url": "https://www.worldanvil.com/w/the-green-tide-chamomileberry/h/40962d99-1aaa-4b62-b005-349208ea951f",
    "subscribergroups": [],
    "folderId": "-1",
    "tags": null,
    "updateDate": {
        "date": "2025-08-23 18:32:24.000000",
        "timezone_type": 3,
        "timezone": "Europe/London"
    },
    "significance": 4,
    "year": "2028",
    "month": 6,
    "day": 13,
    "hour": null,
    "minute": null,
    "endingYear": "2028",
    "endingMonth": 6,
    "endingDay": 13,
    "endingHour": null,
    "endingMinute": null,
    "lane": "{\"64b8d814-f65a-4173-add0-335d769fec33\":6}",
    "backgroundColor": "#68bc00",
    "category": {
        "id": "b3ed2625-e088-42c3-ac29-15cfc0b67fb8",
        "title": "Life, Relocation",
        "slug": null,
        "state": null,
        "isWip": null,
        "isDraft": null,
        "entityClass": "HistoricalEntryCategory",
        "icon": "ra ra-3x ra-player-teleport",
        "url": null,
        "subscribergroups": [],
        "folderId": null,
        "tags": null,
        "updateDate": null
    },
    "content": "[p]Mika (Jaxon Webb) was four years old when the symptoms of his connection to plant life began, which his parents, Zachary Webb and Rory Webb tried to address by taking him to a research facility in Phoenix. The IBCC coerce the parents to surrender him to the facility for experimental custody, in hopes of getting his symptoms under control. [/p]\n[p][/p]\n[p][/p]\n",
    "fullcontent": null,
    "displayDateName": null,
    "creationDate": {
        "date": "2025-08-23 18:10:52.000000",
        "timezone_type": 3,
        "timezone": "Europe/London"
    },
    "meta": null,
    "likes": null,
    "world": {
        "id": "864acfb5-95d4-444d-a85e-869554ea44eb",
        "title": "The Green Tide",
        "slug": "the-green-tide-chamomileberry",
        "state": "public",
        "isWip": null,
        "isDraft": null,
        "entityClass": "World",
        "icon": "fa-solid fa-globe-stand",
        "url": "https://www.worldanvil.com/w/the-green-tide-chamomileberry",
        "subscribergroups": [],
        "folderId": "-1",
        "tags": "",
        "updateDate": {
            "date": "2025-10-06 14:24:17.000000",
            "timezone_type": 3,
            "timezone": "Europe/London"
        }
    },
    "displayRange": true,
    "isEditable": true,
    "success": true
}