{
    "id": "cb68e5f1-6f8b-4bde-b140-3118c226e658",
    "title": "Archive Recruitment",
    "slug": null,
    "state": "public",
    "isWip": null,
    "isDraft": null,
    "entityClass": "HistoricalEntry",
    "icon": "fa-solid fa-calendar-lines-pen",
    "url": "https://www.worldanvil.com/w/the-green-tide-chamomileberry/h/cb68e5f1-6f8b-4bde-b140-3118c226e658",
    "subscribergroups": [],
    "folderId": "-1",
    "tags": null,
    "updateDate": {
        "date": "2025-08-27 19:39:09.000000",
        "timezone_type": 3,
        "timezone": "Europe/London"
    },
    "significance": 4,
    "year": "2036",
    "month": 7,
    "day": null,
    "hour": null,
    "minute": null,
    "endingYear": "2036",
    "endingMonth": null,
    "endingDay": 21,
    "endingHour": null,
    "endingMinute": null,
    "lane": "{\"64b8d814-f65a-4173-add0-335d769fec33\":7}",
    "backgroundColor": null,
    "category": {
        "id": "b3ed2625-e088-42c3-ac29-15cfc0b67fb8",
        "title": "Life, Relocation",
        "slug": null,
        "state": null,
        "isWip": null,
        "isDraft": null,
        "entityClass": "HistoricalEntryCategory",
        "icon": "ra ra-3x ra-player-teleport",
        "url": null,
        "subscribergroups": [],
        "folderId": null,
        "tags": null,
        "updateDate": null
    },
    "content": "[p]After the foundation of the first Archive station in Grapevine Peak, Nevada, Archive soldiers navigate Death Valley in search of survivors who may benefit the Archive Collective with knowledge, scientific backgrounds, and engineering capabilities. The Langford family is found in Espera and is escorted on a four day hike back to the Archive Station. At ten years old, Silvan misses his friends from the settlement, and upon arrival, volunteers as a participant of the Archive's scouting team that frequents the salt flats to monitor Verdant approach.[/p]\n[p][/p]\n[p][/p]\n",
    "fullcontent": null,
    "displayDateName": null,
    "creationDate": {
        "date": "2025-08-23 19:21:34.000000",
        "timezone_type": 3,
        "timezone": "Europe/London"
    },
    "meta": null,
    "likes": null,
    "world": {
        "id": "864acfb5-95d4-444d-a85e-869554ea44eb",
        "title": "The Green Tide",
        "slug": "the-green-tide-chamomileberry",
        "state": "public",
        "isWip": null,
        "isDraft": null,
        "entityClass": "World",
        "icon": "fa-solid fa-globe-stand",
        "url": "https://www.worldanvil.com/w/the-green-tide-chamomileberry",
        "subscribergroups": [],
        "folderId": "-1",
        "tags": "",
        "updateDate": {
            "date": "2025-10-06 14:24:17.000000",
            "timezone_type": 3,
            "timezone": "Europe/London"
        }
    },
    "displayRange": true,
    "isEditable": true,
    "success": true
}