{
    "id": "28d08af7-900b-4b6d-a42b-385ab1bae4b5",
    "title": "Espera Foundation",
    "slug": null,
    "state": "public",
    "isWip": null,
    "isDraft": null,
    "entityClass": "HistoricalEntry",
    "icon": "fa-solid fa-calendar-lines-pen",
    "url": "https://www.worldanvil.com/w/the-green-tide-chamomileberry/h/28d08af7-900b-4b6d-a42b-385ab1bae4b5",
    "subscribergroups": [],
    "folderId": "-1",
    "tags": null,
    "updateDate": {
        "date": "2025-08-23 19:20:52.000000",
        "timezone_type": 3,
        "timezone": "Europe/London"
    },
    "significance": 3,
    "year": "2031",
    "month": 8,
    "day": 21,
    "hour": null,
    "minute": null,
    "endingYear": "2031",
    "endingMonth": null,
    "endingDay": 28,
    "endingHour": null,
    "endingMinute": null,
    "lane": "{\"64b8d814-f65a-4173-add0-335d769fec33\":8}",
    "backgroundColor": null,
    "category": {
        "id": "9d828551-27f0-482c-8582-29c3581bf242",
        "title": "Construction beginning/end",
        "slug": null,
        "state": null,
        "isWip": null,
        "isDraft": null,
        "entityClass": "HistoricalEntryCategory",
        "icon": "ra ra-3x ra-tower",
        "url": null,
        "subscribergroups": [],
        "folderId": null,
        "tags": null,
        "updateDate": null
    },
    "content": "[p]Espera was founded a week after Phoenix's collapse when survivors trekked for seven days to the Badwater Salt Flats of Death Valley, in the Mojave Desert, in hopes that the the salt would provide a refuge from the approaching Bloom Fronts. The survivors spent another week constructing the small village from salvaged remnants in the desert. Among the survivors from Phoenix were the Langford family.[/p]\n[p][/p]\n[p][/p]\n",
    "fullcontent": null,
    "displayDateName": null,
    "creationDate": {
        "date": "2025-08-23 18:56:52.000000",
        "timezone_type": 3,
        "timezone": "Europe/London"
    },
    "meta": null,
    "likes": null,
    "world": {
        "id": "864acfb5-95d4-444d-a85e-869554ea44eb",
        "title": "The Green Tide",
        "slug": "the-green-tide-chamomileberry",
        "state": "public",
        "isWip": null,
        "isDraft": null,
        "entityClass": "World",
        "icon": "fa-solid fa-globe-stand",
        "url": "https://www.worldanvil.com/w/the-green-tide-chamomileberry",
        "subscribergroups": [],
        "folderId": "-1",
        "tags": "",
        "updateDate": {
            "date": "2025-10-06 14:24:17.000000",
            "timezone_type": 3,
            "timezone": "Europe/London"
        }
    },
    "displayRange": true,
    "isEditable": true,
    "success": true
}