{
    "id": "c19b0acf-7429-468a-ba9e-d5522913ae5e",
    "title": "Mika Brought to Espera",
    "slug": null,
    "state": "public",
    "isWip": null,
    "isDraft": null,
    "entityClass": "HistoricalEntry",
    "icon": "fa-solid fa-calendar-lines-pen",
    "url": "https://www.worldanvil.com/w/the-green-tide-chamomileberry/h/c19b0acf-7429-468a-ba9e-d5522913ae5e",
    "subscribergroups": [],
    "folderId": "-1",
    "tags": null,
    "updateDate": {
        "date": "2025-08-27 19:40:26.000000",
        "timezone_type": 3,
        "timezone": "Europe/London"
    },
    "significance": 4,
    "year": "2032",
    "month": 3,
    "day": 11,
    "hour": null,
    "minute": null,
    "endingYear": "2032",
    "endingMonth": 3,
    "endingDay": 11,
    "endingHour": null,
    "endingMinute": null,
    "lane": "{\"64b8d814-f65a-4173-add0-335d769fec33\":6}",
    "backgroundColor": null,
    "category": {
        "id": "5a4e2506-9213-41b8-ae0c-5e84d3bf57b6",
        "title": "Discovery, Exploration",
        "slug": null,
        "state": null,
        "isWip": null,
        "isDraft": null,
        "entityClass": "HistoricalEntryCategory",
        "icon": "ra ra-3x ra-compass",
        "url": null,
        "subscribergroups": [],
        "folderId": null,
        "tags": null,
        "updateDate": null
    },
    "content": "[p]A caravan of Salt Traders passing near Las Vegas see movement among its ruins. They expect to find a Hollowed child, but instead find Mika, alive — but barely. Jaxon Webb (Mika) has lived in nature as a child for too long, and refuses to speak. The traders had heard about Hollowed children from a Phoenix nursery who could survive in the wild for years on their own who were part Verdant experiments. They were called Mika-born (M.I.K.A. — Mycelial Integration of Knowledge and Ability). Since the child refused to speak, they named him Mika, but he did not display the traditional signs of being Hollowed like the other Mika-born, but they were unsure what else to call him, so they brought him back home to the Salt Flats. From that point forward, he is known as Mika.[/p]\n[p][/p]\n[p][/p]\n",
    "fullcontent": null,
    "displayDateName": null,
    "creationDate": {
        "date": "2025-08-23 19:07:16.000000",
        "timezone_type": 3,
        "timezone": "Europe/London"
    },
    "meta": null,
    "likes": null,
    "world": {
        "id": "864acfb5-95d4-444d-a85e-869554ea44eb",
        "title": "The Green Tide",
        "slug": "the-green-tide-chamomileberry",
        "state": "public",
        "isWip": null,
        "isDraft": null,
        "entityClass": "World",
        "icon": "fa-solid fa-globe-stand",
        "url": "https://www.worldanvil.com/w/the-green-tide-chamomileberry",
        "subscribergroups": [],
        "folderId": "-1",
        "tags": "",
        "updateDate": {
            "date": "2025-10-06 14:24:17.000000",
            "timezone_type": 3,
            "timezone": "Europe/London"
        }
    },
    "displayRange": true,
    "isEditable": true,
    "success": true
}