{
    "id": "2991a3a9-5f99-47ac-8b5a-ce724d653606",
    "title": "Delhi Evacuation Fails",
    "slug": null,
    "state": "public",
    "isWip": null,
    "isDraft": null,
    "entityClass": "HistoricalEntry",
    "icon": "fa-solid fa-calendar-lines-pen",
    "url": "https://www.worldanvil.com/w/the-green-tide-chamomileberry/h/2991a3a9-5f99-47ac-8b5a-ce724d653606",
    "subscribergroups": [],
    "folderId": "-1",
    "tags": null,
    "updateDate": {
        "date": "2025-08-27 19:42:22.000000",
        "timezone_type": 3,
        "timezone": "Europe/London"
    },
    "significance": 2,
    "year": "2035",
    "month": 4,
    "day": 21,
    "hour": null,
    "minute": null,
    "endingYear": "2035",
    "endingMonth": 4,
    "endingDay": 21,
    "endingHour": null,
    "endingMinute": null,
    "lane": "{\"64b8d814-f65a-4173-add0-335d769fec33\":8}",
    "backgroundColor": null,
    "category": {
        "id": "a2473aad-6700-409e-a19f-e65833268a63",
        "title": "Disaster / Destruction",
        "slug": null,
        "state": null,
        "isWip": null,
        "isDraft": null,
        "entityClass": "HistoricalEntryCategory",
        "icon": "ra ra-3x ra-explosion",
        "url": null,
        "subscribergroups": [],
        "folderId": null,
        "tags": null,
        "updateDate": null
    },
    "content": "[p]3 million citizens attempted to flee Delhi by road and rail. Verdant growth overtakes motorways and trains become derailed by roots splitting the train track. Hospitals begin to collapse as spores infiltrate the ventilation systems.[/p]\n[p][/p]\n[p][/p]\n",
    "fullcontent": null,
    "displayDateName": null,
    "creationDate": {
        "date": "2025-08-23 17:16:15.000000",
        "timezone_type": 3,
        "timezone": "Europe/London"
    },
    "meta": null,
    "likes": null,
    "world": {
        "id": "864acfb5-95d4-444d-a85e-869554ea44eb",
        "title": "The Green Tide",
        "slug": "the-green-tide-chamomileberry",
        "state": "public",
        "isWip": null,
        "isDraft": null,
        "entityClass": "World",
        "icon": "fa-solid fa-globe-stand",
        "url": "https://www.worldanvil.com/w/the-green-tide-chamomileberry",
        "subscribergroups": [],
        "folderId": "-1",
        "tags": "",
        "updateDate": {
            "date": "2025-10-06 14:24:17.000000",
            "timezone_type": 3,
            "timezone": "Europe/London"
        }
    },
    "displayRange": true,
    "isEditable": true,
    "success": true
}