{
    "id": "6a991c12-ad04-40d8-8839-ddde8d7e891c",
    "title": "Water Systems Collapse",
    "slug": null,
    "state": "public",
    "isWip": null,
    "isDraft": null,
    "entityClass": "HistoricalEntry",
    "icon": "fa-solid fa-calendar-lines-pen",
    "url": "https://www.worldanvil.com/w/the-green-tide-chamomileberry/h/6a991c12-ad04-40d8-8839-ddde8d7e891c",
    "subscribergroups": [],
    "folderId": "-1",
    "tags": null,
    "updateDate": {
        "date": "2025-08-24 14:21:35.000000",
        "timezone_type": 3,
        "timezone": "Europe/London"
    },
    "significance": 0,
    "year": "2033",
    "month": null,
    "day": null,
    "hour": null,
    "minute": null,
    "endingYear": "2038",
    "endingMonth": null,
    "endingDay": null,
    "endingHour": null,
    "endingMinute": null,
    "lane": "{\"64b8d814-f65a-4173-add0-335d769fec33\":4}",
    "backgroundColor": null,
    "category": {
        "id": "2423e52c-4e2c-44e9-9d92-32b877feccfc",
        "title": "Life, Failure / Mishap",
        "slug": null,
        "state": null,
        "isWip": null,
        "isDraft": null,
        "entityClass": "HistoricalEntryCategory",
        "icon": "ra ra-3x ra-falling",
        "url": null,
        "subscribergroups": [],
        "folderId": null,
        "tags": null,
        "updateDate": null
    },
    "content": "[p]2028-2030 (Years 0-2 A.V.) — \"Miracle Years\"[br]The release of the Verdant compound brings optimism. Urban water systems are still maintained. Early anomalies like biofilm in pipes, root infiltration of reservoirs are noted in some pilot zones, but are generally dismissed. Taps run normally worldwide.[/p]\n[p][/p]\n[p]2031-2032 (Years 3-4 A.V.) — Early Failures[/p]\n[p]As Bloom Fronts hit cities like Phoenix and São Paulo, municipal water systems collapse locally as roots split underground pipes, verdant biofilm infiltrates water tables, pumping stations fail when electricity grids flicker, and refugees flee with stories of green water running from taps. Still, in surviving metros like NYC, London, and Shanghai, taps work. Water is rationed, but still functional.[br][br]2033-2035 (Years 5-7 A.V.) — Cascading Collapse[/p]\n[p]The collapse of Lagos in 2033 and Delhi in 2035 shatter confidence. Major river-fed systems become unusable in Yamuna, Niger, and Amazon tributaries are all choked with Verdant mats. Governments abandon efforts to repair urban water grids, shifting to emergency wells and military-controlled desalination. By 2035, most megacities that still exist use bottled/freight water or sealed wells.[/p]\n[p][/p]\n[p]2036-2038 (Years 8-10 A.V.) — Global Water Grid Death[/p]\n[p]Without power and maintenance, the water treatment plants shut down. Pressure vanishes in pipes, and in many places, taps run dry forever. Survivors rely on wells and cisterns that are often contaminated, rainwater catchments, and salt-distilled water in desert settlements like @[Espera](Article:62fc36c4-cd05-48a8-a4b6-76c99a69d091). Archive enclaves maintain closed-loop water recycling systems underground. Only Archive stations and rare fortified metros have working taps.[/p]\n[p][/p]\n[p]By ~2040 (Year 12 A.V.)[br]For most survivors, tap water is only a memory. Children born after this time would never know what it means to turn a faucet and drink from a tap.[/p]\n[p][/p]\n",
    "fullcontent": null,
    "displayDateName": null,
    "creationDate": {
        "date": "2025-08-24 14:12:05.000000",
        "timezone_type": 3,
        "timezone": "Europe/London"
    },
    "meta": null,
    "likes": null,
    "world": {
        "id": "864acfb5-95d4-444d-a85e-869554ea44eb",
        "title": "The Green Tide",
        "slug": "the-green-tide-chamomileberry",
        "state": "public",
        "isWip": null,
        "isDraft": null,
        "entityClass": "World",
        "icon": "fa-solid fa-globe-stand",
        "url": "https://www.worldanvil.com/w/the-green-tide-chamomileberry",
        "subscribergroups": [],
        "folderId": "-1",
        "tags": "",
        "updateDate": {
            "date": "2025-10-06 14:24:17.000000",
            "timezone_type": 3,
            "timezone": "Europe/London"
        }
    },
    "displayRange": true,
    "isEditable": true,
    "success": true
}