{
    "id": "ac84862e-7d8a-4404-87a7-9470ec9ac18b",
    "title": "Early Project Genesis Results",
    "slug": null,
    "state": "public",
    "isWip": null,
    "isDraft": null,
    "entityClass": "HistoricalEntry",
    "icon": "fa-solid fa-calendar-lines-pen",
    "url": "https://www.worldanvil.com/w/the-green-tide-chamomileberry/h/ac84862e-7d8a-4404-87a7-9470ec9ac18b",
    "subscribergroups": [],
    "folderId": "-1",
    "tags": null,
    "updateDate": {
        "date": "2025-08-23 17:51:13.000000",
        "timezone_type": 3,
        "timezone": "Europe/London"
    },
    "significance": 2,
    "year": "2032",
    "month": 3,
    "day": 4,
    "hour": null,
    "minute": null,
    "endingYear": "2032",
    "endingMonth": 4,
    "endingDay": 29,
    "endingHour": null,
    "endingMinute": null,
    "lane": "{\"64b8d814-f65a-4173-add0-335d769fec33\":4}",
    "backgroundColor": null,
    "category": null,
    "content": "[p]Lab scans show unusual markers in Dr. Thorne's embryo, with gene expression patterns aligning with Verdant profiles, but stabilized in ways that no Hollowed human had ever managed. Thorne archives secret logs, noting promising signs of symbiosis. Outside labs began to fail, and most other Project Genesis pregnancies miscarry or result in fatal deformities in utero. Dr. Thorne hides her unborn's identity out of protection from both biological exploitation and her own colleagues.[/p]\n[p][/p]\n[p][/p]\n",
    "fullcontent": null,
    "displayDateName": null,
    "creationDate": {
        "date": "2025-08-23 16:39:15.000000",
        "timezone_type": 3,
        "timezone": "Europe/London"
    },
    "meta": null,
    "likes": null,
    "world": {
        "id": "864acfb5-95d4-444d-a85e-869554ea44eb",
        "title": "The Green Tide",
        "slug": "the-green-tide-chamomileberry",
        "state": "public",
        "isWip": null,
        "isDraft": null,
        "entityClass": "World",
        "icon": "fa-solid fa-globe-stand",
        "url": "https://www.worldanvil.com/w/the-green-tide-chamomileberry",
        "subscribergroups": [],
        "folderId": "-1",
        "tags": "",
        "updateDate": {
            "date": "2025-10-06 14:24:17.000000",
            "timezone_type": 3,
            "timezone": "Europe/London"
        }
    },
    "displayRange": true,
    "isEditable": true,
    "success": true
}