{
    "id": "cd988121-d464-4fe7-9a45-af1998e01e2f",
    "title": "Archive Fuel Stores Degrade",
    "slug": null,
    "state": "public",
    "isWip": null,
    "isDraft": null,
    "entityClass": "HistoricalEntry",
    "icon": "fa-solid fa-calendar-lines-pen",
    "url": "https://www.worldanvil.com/w/the-green-tide-chamomileberry/h/cd988121-d464-4fe7-9a45-af1998e01e2f",
    "subscribergroups": [],
    "folderId": "-1",
    "tags": null,
    "updateDate": {
        "date": "2025-08-24 14:31:18.000000",
        "timezone_type": 3,
        "timezone": "Europe/London"
    },
    "significance": 1,
    "year": "2045",
    "month": null,
    "day": null,
    "hour": null,
    "minute": null,
    "endingYear": "2055",
    "endingMonth": null,
    "endingDay": null,
    "endingHour": null,
    "endingMinute": null,
    "lane": "{\"64b8d814-f65a-4173-add0-335d769fec33\":3}",
    "backgroundColor": null,
    "category": {
        "id": "0fcb5cc2-8ccd-4643-a2db-26872f6adccc",
        "title": "Miscellaneous",
        "slug": null,
        "state": null,
        "isWip": null,
        "isDraft": null,
        "entityClass": "HistoricalEntryCategory",
        "icon": "ra ra-3x ra-campfire",
        "url": null,
        "subscribergroups": [],
        "folderId": null,
        "tags": null,
        "updateDate": null
    },
    "content": "[p]Fuel degradation accelerates in Archive stockpiles. Treated fuel begins to break down. Engines require constant maintenance and generators start burning \"dirty.\" [/p]\n[p]By ~2055 (Year 27 A.V.) treated fuels are mostly exhausted or too unstable for the Archive to use. The Archive Collective must rely exclusively on alternatives like solar power, small nuclear reactors, and hydrogen prototypes.[/p]\n[p][/p]\n[p][/p]\n",
    "fullcontent": null,
    "displayDateName": null,
    "creationDate": {
        "date": "2025-08-24 14:27:29.000000",
        "timezone_type": 3,
        "timezone": "Europe/London"
    },
    "meta": null,
    "likes": null,
    "world": {
        "id": "864acfb5-95d4-444d-a85e-869554ea44eb",
        "title": "The Green Tide",
        "slug": "the-green-tide-chamomileberry",
        "state": "public",
        "isWip": null,
        "isDraft": null,
        "entityClass": "World",
        "icon": "fa-solid fa-globe-stand",
        "url": "https://www.worldanvil.com/w/the-green-tide-chamomileberry",
        "subscribergroups": [],
        "folderId": "-1",
        "tags": "",
        "updateDate": {
            "date": "2025-10-06 14:24:17.000000",
            "timezone_type": 3,
            "timezone": "Europe/London"
        }
    },
    "displayRange": true,
    "isEditable": true,
    "success": true
}