{
    "id": "1ce591cf-0e77-474a-88e6-f610bd096b2e",
    "title": "Maelle Relocated to Las Vegas",
    "slug": null,
    "state": "public",
    "isWip": null,
    "isDraft": null,
    "entityClass": "HistoricalEntry",
    "icon": "fa-solid fa-calendar-lines-pen",
    "url": "https://www.worldanvil.com/w/the-green-tide-chamomileberry/h/1ce591cf-0e77-474a-88e6-f610bd096b2e",
    "subscribergroups": [],
    "folderId": "-1",
    "tags": null,
    "updateDate": {
        "date": "2025-08-28 19:35:05.000000",
        "timezone_type": 3,
        "timezone": "Europe/London"
    },
    "significance": 4,
    "year": "2021",
    "month": 2,
    "day": 21,
    "hour": null,
    "minute": null,
    "endingYear": "2022",
    "endingMonth": 6,
    "endingDay": 11,
    "endingHour": null,
    "endingMinute": null,
    "lane": "{\"64b8d814-f65a-4173-add0-335d769fec33\":5}",
    "backgroundColor": null,
    "category": {
        "id": "b3ed2625-e088-42c3-ac29-15cfc0b67fb8",
        "title": "Life, Relocation",
        "slug": null,
        "state": null,
        "isWip": null,
        "isDraft": null,
        "entityClass": "HistoricalEntryCategory",
        "icon": "ra ra-3x ra-player-teleport",
        "url": null,
        "subscribergroups": [],
        "folderId": null,
        "tags": null,
        "updateDate": null
    },
    "content": "[p]Isaac Corvain spiralled into alcoholism and abuse. By early 2021, Maelle was placed in the foster system and relocated to [b]Las Vegas[/b]. It was a transient, unstable time in her life. She bounced between foster homes before finally aging out of the system at 18 years old. After that, she worked menial jobs waitressing, cleaning, and doing patchwork repair work. She always lived on the edge of poverty. These years hardened her pragmatism: nobody was going to save her, so she learned to save herself.[/p]\n[p][/p]\n[p][/p]\n",
    "fullcontent": null,
    "displayDateName": null,
    "creationDate": {
        "date": "2025-08-28 19:13:03.000000",
        "timezone_type": 3,
        "timezone": "Europe/London"
    },
    "meta": null,
    "likes": null,
    "world": {
        "id": "864acfb5-95d4-444d-a85e-869554ea44eb",
        "title": "The Green Tide",
        "slug": "the-green-tide-chamomileberry",
        "state": "public",
        "isWip": null,
        "isDraft": null,
        "entityClass": "World",
        "icon": "fa-solid fa-globe-stand",
        "url": "https://www.worldanvil.com/w/the-green-tide-chamomileberry",
        "subscribergroups": [],
        "folderId": "-1",
        "tags": "",
        "updateDate": {
            "date": "2025-10-06 14:24:17.000000",
            "timezone_type": 3,
            "timezone": "Europe/London"
        }
    },
    "displayRange": true,
    "isEditable": true,
    "success": true
}