{
    "id": "8cd2c055-5057-489b-8652-7b98680235cc",
    "title": "Abnormal Growth Rates",
    "slug": null,
    "state": "public",
    "isWip": null,
    "isDraft": null,
    "entityClass": "HistoricalEntry",
    "icon": "fa-solid fa-calendar-lines-pen",
    "url": "https://www.worldanvil.com/w/the-green-tide-chamomileberry/h/8cd2c055-5057-489b-8652-7b98680235cc",
    "subscribergroups": [],
    "folderId": "-1",
    "tags": null,
    "updateDate": {
        "date": "2025-08-23 17:52:33.000000",
        "timezone_type": 3,
        "timezone": "Europe/London"
    },
    "significance": 2,
    "year": "2035",
    "month": 3,
    "day": 31,
    "hour": null,
    "minute": null,
    "endingYear": "2035",
    "endingMonth": 3,
    "endingDay": 31,
    "endingHour": null,
    "endingMinute": null,
    "lane": "{\"64b8d814-f65a-4173-add0-335d769fec33\":2}",
    "backgroundColor": null,
    "category": {
        "id": "1546d559-a30d-481c-a716-e27647bf67be",
        "title": "Geological / environmental event",
        "slug": null,
        "state": null,
        "isWip": null,
        "isDraft": null,
        "entityClass": "HistoricalEntryCategory",
        "icon": "ra ra-3x ra-pine-tree",
        "url": null,
        "subscribergroups": [],
        "folderId": null,
        "tags": null,
        "updateDate": null
    },
    "content": "[p]Satellite imaging shows abnormal Verdant growth rates across the Indo-Gangetic Plain. Green belts begin expanding by kilometres per week. The Indian government reassures citizens that containment corridors around Delhi are stable, ignoring the warnings.[/p]\n[p][/p]\n[p][/p]\n",
    "fullcontent": null,
    "displayDateName": null,
    "creationDate": {
        "date": "2025-08-23 17:03:57.000000",
        "timezone_type": 3,
        "timezone": "Europe/London"
    },
    "meta": null,
    "likes": null,
    "world": {
        "id": "864acfb5-95d4-444d-a85e-869554ea44eb",
        "title": "The Green Tide",
        "slug": "the-green-tide-chamomileberry",
        "state": "public",
        "isWip": null,
        "isDraft": null,
        "entityClass": "World",
        "icon": "fa-solid fa-globe-stand",
        "url": "https://www.worldanvil.com/w/the-green-tide-chamomileberry",
        "subscribergroups": [],
        "folderId": "-1",
        "tags": "",
        "updateDate": {
            "date": "2025-10-06 14:24:17.000000",
            "timezone_type": 3,
            "timezone": "Europe/London"
        }
    },
    "displayRange": true,
    "isEditable": true,
    "success": true
}