{
    "id": "6d6a1586-b326-4965-b7a5-695dec0fe168",
    "title": "Emergency MOU",
    "slug": null,
    "state": "public",
    "isWip": null,
    "isDraft": null,
    "entityClass": "HistoricalEntry",
    "icon": "fa-solid fa-calendar-lines-pen",
    "url": "https://www.worldanvil.com/w/the-green-tide-chamomileberry/h/6d6a1586-b326-4965-b7a5-695dec0fe168",
    "subscribergroups": [],
    "folderId": "-1",
    "tags": null,
    "updateDate": {
        "date": "2025-08-20 13:53:50.000000",
        "timezone_type": 3,
        "timezone": "Europe/London"
    },
    "significance": 1,
    "year": "2026",
    "month": 6,
    "day": 5,
    "hour": null,
    "minute": null,
    "endingYear": "2026",
    "endingMonth": 6,
    "endingDay": 5,
    "endingHour": null,
    "endingMinute": null,
    "lane": "{\"64b8d814-f65a-4173-add0-335d769fec33\":5}",
    "backgroundColor": "#68ccca",
    "category": {
        "id": "fc334337-d36b-4761-a55a-49777007396f",
        "title": "Diplomatic action",
        "slug": null,
        "state": null,
        "isWip": null,
        "isDraft": null,
        "entityClass": "HistoricalEntryCategory",
        "icon": "ra ra-3x ra-scroll-unfurled",
        "url": null,
        "subscribergroups": [],
        "folderId": null,
        "tags": null,
        "updateDate": null
    },
    "content": "[p]Signed under the UN Environmental Programme (UNEP) auspices in Nairobi, Kenya, an emergency Memorandum of Understanding (MOU) was backed by the governments of the U.S., E.U., China, India, Brazil, and South Africa, along with Syngenta-Novartis, Bayer-Monsanto, DowDuPont, MIT, Oxford, ETH Zurich, CSIR India, the Chinese Academy of Sciences, UNFAO, WHO observers, and World Bank/IMF for funding guarantees. The memorandum's stated goal was to accelerate coordinated biotechnology interventions to stabilize agricultural yields under climate stress.[/p]\n[p][/p]\n[p][/p]\n",
    "fullcontent": null,
    "displayDateName": null,
    "creationDate": {
        "date": "2025-08-20 13:46:59.000000",
        "timezone_type": 3,
        "timezone": "Europe/London"
    },
    "meta": null,
    "likes": null,
    "world": {
        "id": "864acfb5-95d4-444d-a85e-869554ea44eb",
        "title": "The Green Tide",
        "slug": "the-green-tide-chamomileberry",
        "state": "public",
        "isWip": null,
        "isDraft": null,
        "entityClass": "World",
        "icon": "fa-solid fa-globe-stand",
        "url": "https://www.worldanvil.com/w/the-green-tide-chamomileberry",
        "subscribergroups": [],
        "folderId": "-1",
        "tags": "",
        "updateDate": {
            "date": "2025-10-06 14:24:17.000000",
            "timezone_type": 3,
            "timezone": "Europe/London"
        }
    },
    "displayRange": true,
    "isEditable": true,
    "success": true
}