{
    "id": "b19ec247-8d59-4d21-b464-daffb5177b9e",
    "title": "Langford Family Relocation",
    "slug": null,
    "state": "public",
    "isWip": null,
    "isDraft": null,
    "entityClass": "HistoricalEntry",
    "icon": "fa-solid fa-calendar-lines-pen",
    "url": "https://www.worldanvil.com/w/the-green-tide-chamomileberry/h/b19ec247-8d59-4d21-b464-daffb5177b9e",
    "subscribergroups": [],
    "folderId": "-1",
    "tags": null,
    "updateDate": {
        "date": "2025-08-23 18:47:51.000000",
        "timezone_type": 3,
        "timezone": "Europe/London"
    },
    "significance": 4,
    "year": "2028",
    "month": null,
    "day": 16,
    "hour": null,
    "minute": null,
    "endingYear": "2028",
    "endingMonth": 1,
    "endingDay": null,
    "endingHour": null,
    "endingMinute": null,
    "lane": "{\"64b8d814-f65a-4173-add0-335d769fec33\":3}",
    "backgroundColor": null,
    "category": {
        "id": "b3ed2625-e088-42c3-ac29-15cfc0b67fb8",
        "title": "Life, Relocation",
        "slug": null,
        "state": null,
        "isWip": null,
        "isDraft": null,
        "entityClass": "HistoricalEntryCategory",
        "icon": "ra ra-3x ra-player-teleport",
        "url": null,
        "subscribergroups": [],
        "folderId": null,
        "tags": null,
        "updateDate": null
    },
    "content": "[p]The Langford family relocates to Phoenix, Arizona. Sylvia Langford and Milan Langford had accepted positions as experimental researchers for a Child Integration Program, highly recommended scientists for the program by Milan's boss in Arlington Heights at the University of Pensylvannia, Damon Herd.[/p]\n[p][/p]\n[p][/p]\n",
    "fullcontent": null,
    "displayDateName": null,
    "creationDate": {
        "date": "2025-08-23 18:40:11.000000",
        "timezone_type": 3,
        "timezone": "Europe/London"
    },
    "meta": null,
    "likes": null,
    "world": {
        "id": "864acfb5-95d4-444d-a85e-869554ea44eb",
        "title": "The Green Tide",
        "slug": "the-green-tide-chamomileberry",
        "state": "public",
        "isWip": null,
        "isDraft": null,
        "entityClass": "World",
        "icon": "fa-solid fa-globe-stand",
        "url": "https://www.worldanvil.com/w/the-green-tide-chamomileberry",
        "subscribergroups": [],
        "folderId": "-1",
        "tags": "",
        "updateDate": {
            "date": "2025-10-06 14:24:17.000000",
            "timezone_type": 3,
            "timezone": "Europe/London"
        }
    },
    "displayRange": true,
    "isEditable": true,
    "success": true
}