{
    "id": "87d660d5-9dd7-46bd-8c6c-a546f29e6120",
    "title": "São Paulo Collapse",
    "slug": null,
    "state": "public",
    "isWip": null,
    "isDraft": null,
    "entityClass": "HistoricalEntry",
    "icon": "fa-solid fa-calendar-lines-pen",
    "url": "https://www.worldanvil.com/w/the-green-tide-chamomileberry/h/87d660d5-9dd7-46bd-8c6c-a546f29e6120",
    "subscribergroups": [],
    "folderId": "-1",
    "tags": null,
    "updateDate": {
        "date": "2025-08-23 17:51:47.000000",
        "timezone_type": 3,
        "timezone": "Europe/London"
    },
    "significance": 2,
    "year": "2032",
    "month": 2,
    "day": 25,
    "hour": null,
    "minute": null,
    "endingYear": "2032",
    "endingMonth": 2,
    "endingDay": 25,
    "endingHour": null,
    "endingMinute": null,
    "lane": "{\"64b8d814-f65a-4173-add0-335d769fec33\":1}",
    "backgroundColor": null,
    "category": {
        "id": "9d755197-f4d1-48d7-9954-33457655eb57",
        "title": "Plague / Epidemic",
        "slug": null,
        "state": null,
        "isWip": null,
        "isDraft": null,
        "entityClass": "HistoricalEntryCategory",
        "icon": "ra ra-3x ra-biohazard",
        "url": null,
        "subscribergroups": [],
        "folderId": null,
        "tags": null,
        "updateDate": null
    },
    "content": "[p]Verdant overgrowth spreads unchecked through the Tietê and Pinheiros river basins of São Paulo, Brazil. Dense favelas along the waterways were the first to be hit. Infections exploded with mass cases of Green Lung reported as spores filled the subway systems. Authorities tried to quaratine neighbourhoods, but the Verdancy breached firebreaks and overtook central districts within days. Approximately 3.8 million were dad or Hollowed, with tens of thousands fleeing south to Paraná. This was the first reported large-scale human infection crisis. São Paulo became the first city where Hollowed swarms were reported at scale, haunting survivor's testimonies.[/p]\n[p][/p]\n[p][/p]\n",
    "fullcontent": null,
    "displayDateName": null,
    "creationDate": {
        "date": "2025-08-23 17:27:12.000000",
        "timezone_type": 3,
        "timezone": "Europe/London"
    },
    "meta": null,
    "likes": null,
    "world": {
        "id": "864acfb5-95d4-444d-a85e-869554ea44eb",
        "title": "The Green Tide",
        "slug": "the-green-tide-chamomileberry",
        "state": "public",
        "isWip": null,
        "isDraft": null,
        "entityClass": "World",
        "icon": "fa-solid fa-globe-stand",
        "url": "https://www.worldanvil.com/w/the-green-tide-chamomileberry",
        "subscribergroups": [],
        "folderId": "-1",
        "tags": "",
        "updateDate": {
            "date": "2025-10-06 14:24:17.000000",
            "timezone_type": 3,
            "timezone": "Europe/London"
        }
    },
    "displayRange": true,
    "isEditable": true,
    "success": true
}