{
    "id": "8b50a73f-632e-4cf6-a3fc-bb147baf3c6d",
    "title": "Archive Collective Foundation",
    "slug": null,
    "state": "public",
    "isWip": null,
    "isDraft": null,
    "entityClass": "HistoricalEntry",
    "icon": "fa-solid fa-calendar-lines-pen",
    "url": "https://www.worldanvil.com/w/the-green-tide-chamomileberry/h/8b50a73f-632e-4cf6-a3fc-bb147baf3c6d",
    "subscribergroups": [],
    "folderId": "-1",
    "tags": null,
    "updateDate": {
        "date": "2025-08-27 19:42:16.000000",
        "timezone_type": 3,
        "timezone": "Europe/London"
    },
    "significance": 1,
    "year": "2035",
    "month": 5,
    "day": 9,
    "hour": null,
    "minute": null,
    "endingYear": "2035",
    "endingMonth": 5,
    "endingDay": 9,
    "endingHour": null,
    "endingMinute": null,
    "lane": "{\"64b8d814-f65a-4173-add0-335d769fec33\":9}",
    "backgroundColor": null,
    "category": {
        "id": "d5b35573-8e2c-4685-ae7d-6ec69f7212b6",
        "title": "Founding",
        "slug": null,
        "state": null,
        "isWip": null,
        "isDraft": null,
        "entityClass": "HistoricalEntryCategory",
        "icon": "ra ra-3x ra-capitol",
        "url": null,
        "subscribergroups": [],
        "folderId": null,
        "tags": null,
        "updateDate": null
    },
    "content": "[p]After the fall of the Delhi Bloom Front, surviving researchers convene secretly. They come to the consensus that the Verdancy can't be stopped in time, so what is left of humanity needs to focus on preserving knowledge to rebuild in the future. They form the Archive Collective, absorbing remnants of universities, research labs, and military research wings. Scientists realize that not just people, but records, data, and labs were being lost overnight. A few scattered labs began smuggling data cores underground, unofficially calling the Archives.[/p]\n[p][/p]\n[p][/p]\n",
    "fullcontent": null,
    "displayDateName": null,
    "creationDate": {
        "date": "2025-08-23 16:59:02.000000",
        "timezone_type": 3,
        "timezone": "Europe/London"
    },
    "meta": null,
    "likes": null,
    "world": {
        "id": "864acfb5-95d4-444d-a85e-869554ea44eb",
        "title": "The Green Tide",
        "slug": "the-green-tide-chamomileberry",
        "state": "public",
        "isWip": null,
        "isDraft": null,
        "entityClass": "World",
        "icon": "fa-solid fa-globe-stand",
        "url": "https://www.worldanvil.com/w/the-green-tide-chamomileberry",
        "subscribergroups": [],
        "folderId": "-1",
        "tags": "",
        "updateDate": {
            "date": "2025-10-06 14:24:17.000000",
            "timezone_type": 3,
            "timezone": "Europe/London"
        }
    },
    "displayRange": true,
    "isEditable": true,
    "success": true
}