{
    "id": "e9ba41bb-1c65-43de-a24f-89813f6b70d1",
    "title": "Phoenix Nursery Collapse",
    "slug": null,
    "state": "public",
    "isWip": null,
    "isDraft": null,
    "entityClass": "HistoricalEntry",
    "icon": "fa-solid fa-calendar-lines-pen",
    "url": "https://www.worldanvil.com/w/the-green-tide-chamomileberry/h/e9ba41bb-1c65-43de-a24f-89813f6b70d1",
    "subscribergroups": [],
    "folderId": "-1",
    "tags": null,
    "updateDate": {
        "date": "2025-08-23 18:27:29.000000",
        "timezone_type": 3,
        "timezone": "Europe/London"
    },
    "significance": 3,
    "year": "2028",
    "month": 9,
    "day": 3,
    "hour": null,
    "minute": null,
    "endingYear": "2028",
    "endingMonth": null,
    "endingDay": 3,
    "endingHour": null,
    "endingMinute": null,
    "lane": "{\"64b8d814-f65a-4173-add0-335d769fec33\":7}",
    "backgroundColor": null,
    "category": {
        "id": "9d755197-f4d1-48d7-9954-33457655eb57",
        "title": "Plague / Epidemic",
        "slug": null,
        "state": null,
        "isWip": null,
        "isDraft": null,
        "entityClass": "HistoricalEntryCategory",
        "icon": "ra ra-3x ra-biohazard",
        "url": null,
        "subscribergroups": [],
        "folderId": null,
        "tags": null,
        "updateDate": null
    },
    "content": "[p]The Verdant trials on children spiralled out of control and the facility succumbed to overgrowth. Mika is the only survivor with partial integration rather than full Hollowing. These incidents are not made public. The IBCC buries them as lab accidents or experimental misclassifications, and any parents who resist are silenced.[/p]\n[p][/p]\n[p][/p]\n",
    "fullcontent": null,
    "displayDateName": null,
    "creationDate": {
        "date": "2025-08-23 18:15:46.000000",
        "timezone_type": 3,
        "timezone": "Europe/London"
    },
    "meta": null,
    "likes": null,
    "world": {
        "id": "864acfb5-95d4-444d-a85e-869554ea44eb",
        "title": "The Green Tide",
        "slug": "the-green-tide-chamomileberry",
        "state": "public",
        "isWip": null,
        "isDraft": null,
        "entityClass": "World",
        "icon": "fa-solid fa-globe-stand",
        "url": "https://www.worldanvil.com/w/the-green-tide-chamomileberry",
        "subscribergroups": [],
        "folderId": "-1",
        "tags": "",
        "updateDate": {
            "date": "2025-10-06 14:24:17.000000",
            "timezone_type": 3,
            "timezone": "Europe/London"
        }
    },
    "displayRange": true,
    "isEditable": true,
    "success": true
}