{
    "id": "3d31e5c9-f144-4b12-b64d-8224758fe833",
    "title": "Verdant Field Pilot Famine Relief Launch",
    "slug": null,
    "state": "public",
    "isWip": null,
    "isDraft": null,
    "entityClass": "HistoricalEntry",
    "icon": "fa-solid fa-calendar-lines-pen",
    "url": "https://www.worldanvil.com/w/the-green-tide-chamomileberry/h/3d31e5c9-f144-4b12-b64d-8224758fe833",
    "subscribergroups": [],
    "folderId": "-1",
    "tags": null,
    "updateDate": {
        "date": "2025-08-23 17:40:56.000000",
        "timezone_type": 3,
        "timezone": "Europe/London"
    },
    "significance": 1,
    "year": "2027",
    "month": 12,
    "day": 4,
    "hour": null,
    "minute": null,
    "endingYear": "2027",
    "endingMonth": 12,
    "endingDay": 4,
    "endingHour": null,
    "endingMinute": null,
    "lane": "{\"64b8d814-f65a-4173-add0-335d769fec33\":7}",
    "backgroundColor": "#68bc00",
    "category": {
        "id": "55ef88c4-6d25-4df6-8863-82736c0a54c2",
        "title": "Scientific achievement",
        "slug": null,
        "state": null,
        "isWip": null,
        "isDraft": null,
        "entityClass": "HistoricalEntryCategory",
        "icon": "ra ra-3x ra-burning-book",
        "url": null,
        "subscribergroups": [],
        "folderId": null,
        "tags": null,
        "updateDate": null
    },
    "content": "[p]The IBCC facilitates the launch of Verdant compound seeded into millet and sorghum plots in the Sahel Zone's UN famine relief sites of West Africa. Publicly, the initiative was framed as a humanitarian miracle prior to the holiday news cycle.[/p]\n[p][/p]\n[p][/p]\n",
    "fullcontent": null,
    "displayDateName": null,
    "creationDate": {
        "date": "2025-08-20 14:33:15.000000",
        "timezone_type": 3,
        "timezone": "Europe/London"
    },
    "meta": null,
    "likes": null,
    "world": {
        "id": "864acfb5-95d4-444d-a85e-869554ea44eb",
        "title": "The Green Tide",
        "slug": "the-green-tide-chamomileberry",
        "state": "public",
        "isWip": null,
        "isDraft": null,
        "entityClass": "World",
        "icon": "fa-solid fa-globe-stand",
        "url": "https://www.worldanvil.com/w/the-green-tide-chamomileberry",
        "subscribergroups": [],
        "folderId": "-1",
        "tags": "",
        "updateDate": {
            "date": "2025-10-06 14:24:17.000000",
            "timezone_type": 3,
            "timezone": "Europe/London"
        }
    },
    "displayRange": true,
    "isEditable": true,
    "success": true
}