{
    "id": "de282968-c474-42a8-9ea7-329d010b4a45",
    "title": "Biotech Crucible Proposal",
    "slug": null,
    "state": "public",
    "isWip": null,
    "isDraft": null,
    "entityClass": "HistoricalEntry",
    "icon": "fa-solid fa-calendar-lines-pen",
    "url": "https://www.worldanvil.com/w/the-green-tide-chamomileberry/h/de282968-c474-42a8-9ea7-329d010b4a45",
    "subscribergroups": [],
    "folderId": "-1",
    "tags": null,
    "updateDate": {
        "date": "2025-08-23 17:50:25.000000",
        "timezone_type": 3,
        "timezone": "Europe/London"
    },
    "significance": 1,
    "year": "2032",
    "month": 1,
    "day": 22,
    "hour": null,
    "minute": null,
    "endingYear": "2032",
    "endingMonth": 1,
    "endingDay": 22,
    "endingHour": null,
    "endingMinute": null,
    "lane": "{\"64b8d814-f65a-4173-add0-335d769fec33\":2}",
    "backgroundColor": null,
    "category": {
        "id": "ce1f5602-3c77-46f6-9465-668871a027fb",
        "title": "Discovery, Scientific",
        "slug": null,
        "state": null,
        "isWip": null,
        "isDraft": null,
        "entityClass": "HistoricalEntryCategory",
        "icon": "ra ra-3x ra-telescope",
        "url": null,
        "subscribergroups": [],
        "folderId": null,
        "tags": null,
        "updateDate": null
    },
    "content": "[p]Dr. Elan Thorne concludes that in-vitro and cell-line approaches are too slow. She proposes a radical solution for pregnancy as a biotech crucible. Thorne believed that a child conceived with Verdant-adapted genetic coding might grow naturally resistant to bridge human and Verdant biology. Thorne proposes using the womb as a laboratory, resulting in continuous exposure and cellular rewiring from conception. Some scientists are horrified at the proposition, but others quietly back her proposal in desperation for results. Trials are prepared, and a handful of participants are lined up — mostly women from collapsed zones that are offered refuge in exchange.[/p]\n[p][/p]\n[p][/p]\n",
    "fullcontent": null,
    "displayDateName": null,
    "creationDate": {
        "date": "2025-08-23 16:28:30.000000",
        "timezone_type": 3,
        "timezone": "Europe/London"
    },
    "meta": null,
    "likes": null,
    "world": {
        "id": "864acfb5-95d4-444d-a85e-869554ea44eb",
        "title": "The Green Tide",
        "slug": "the-green-tide-chamomileberry",
        "state": "public",
        "isWip": null,
        "isDraft": null,
        "entityClass": "World",
        "icon": "fa-solid fa-globe-stand",
        "url": "https://www.worldanvil.com/w/the-green-tide-chamomileberry",
        "subscribergroups": [],
        "folderId": "-1",
        "tags": "",
        "updateDate": {
            "date": "2025-10-06 14:24:17.000000",
            "timezone_type": 3,
            "timezone": "Europe/London"
        }
    },
    "displayRange": true,
    "isEditable": true,
    "success": true
}