{
    "id": "c70fe7e5-55f1-49d3-b273-c8c7a9d1c1d6",
    "title": "Phoenix Collapse",
    "slug": null,
    "state": "public",
    "isWip": null,
    "isDraft": null,
    "entityClass": "HistoricalEntry",
    "icon": "fa-solid fa-calendar-lines-pen",
    "url": "https://www.worldanvil.com/w/the-green-tide-chamomileberry/h/c70fe7e5-55f1-49d3-b273-c8c7a9d1c1d6",
    "subscribergroups": [],
    "folderId": "-1",
    "tags": null,
    "updateDate": {
        "date": "2025-08-28 19:30:05.000000",
        "timezone_type": 3,
        "timezone": "Europe/London"
    },
    "significance": 2,
    "year": "2031",
    "month": 8,
    "day": 12,
    "hour": null,
    "minute": null,
    "endingYear": "2031",
    "endingMonth": 8,
    "endingDay": 14,
    "endingHour": null,
    "endingMinute": null,
    "lane": "{\"64b8d814-f65a-4173-add0-335d769fec33\":7}",
    "backgroundColor": null,
    "category": {
        "id": "a2473aad-6700-409e-a19f-e65833268a63",
        "title": "Disaster / Destruction",
        "slug": null,
        "state": null,
        "isWip": null,
        "isDraft": null,
        "entityClass": "HistoricalEntryCategory",
        "icon": "ra ra-3x ra-explosion",
        "url": null,
        "subscribergroups": [],
        "folderId": null,
        "tags": null,
        "updateDate": null
    },
    "content": "[p]Verdant root systems in Phoenix, Arizona infiltrate aquifer tunnels and storm drains after a record monsoon. Within 48 hours, a Bloom Front surges through outer suburbs, engulfing Mesa and Tempe. Asphalt is split open and highways buckle under tendrils. The National Guard deploys salt firebreaks, evacuating about 300,000 citizens, but growth moved much faster than anticipated. An estimated 1.2 million are confirmed dead or missing. Many families vanished without a trace, leaving only overgrown vehicles and vine-strangled houses. This was known as the Two-Day City — the first major U.S. urban collapse. Survivors carry ghost stories of their Hollowed neighbours banging on car windows during evacuation.[/p]\n[p][/p]\n[p][/p]\n",
    "fullcontent": null,
    "displayDateName": null,
    "creationDate": {
        "date": "2025-08-23 17:23:55.000000",
        "timezone_type": 3,
        "timezone": "Europe/London"
    },
    "meta": null,
    "likes": null,
    "world": {
        "id": "864acfb5-95d4-444d-a85e-869554ea44eb",
        "title": "The Green Tide",
        "slug": "the-green-tide-chamomileberry",
        "state": "public",
        "isWip": null,
        "isDraft": null,
        "entityClass": "World",
        "icon": "fa-solid fa-globe-stand",
        "url": "https://www.worldanvil.com/w/the-green-tide-chamomileberry",
        "subscribergroups": [],
        "folderId": "-1",
        "tags": "",
        "updateDate": {
            "date": "2025-10-06 14:24:17.000000",
            "timezone_type": 3,
            "timezone": "Europe/London"
        }
    },
    "displayRange": true,
    "isEditable": true,
    "success": true
}