{
    "id": "3a98d1c0-d566-43b3-844d-dd0ee015604a",
    "title": "Verdant Compound Release",
    "slug": null,
    "state": "public",
    "isWip": null,
    "isDraft": null,
    "entityClass": "HistoricalEntry",
    "icon": "fa-solid fa-calendar-lines-pen",
    "url": "https://www.worldanvil.com/w/the-green-tide-chamomileberry/h/3a98d1c0-d566-43b3-844d-dd0ee015604a",
    "subscribergroups": [],
    "folderId": "-1",
    "tags": null,
    "updateDate": {
        "date": "2025-08-20 13:04:47.000000",
        "timezone_type": 3,
        "timezone": "Europe/London"
    },
    "significance": 1,
    "year": "2028",
    "month": 4,
    "day": 22,
    "hour": null,
    "minute": null,
    "endingYear": "2028",
    "endingMonth": 4,
    "endingDay": null,
    "endingHour": null,
    "endingMinute": null,
    "lane": "{\"64b8d814-f65a-4173-add0-335d769fec33\":5}",
    "backgroundColor": "#223d00",
    "category": {
        "id": "55ef88c4-6d25-4df6-8863-82736c0a54c2",
        "title": "Scientific achievement",
        "slug": null,
        "state": null,
        "isWip": null,
        "isDraft": null,
        "entityClass": "HistoricalEntryCategory",
        "icon": "ra ra-3x ra-burning-book",
        "url": null,
        "subscribergroups": [],
        "folderId": null,
        "tags": null,
        "updateDate": null
    },
    "content": "[p][/p]\n[p]The release of the Verdant Compound was on Earth Day, April 22nd, 2028. It was a hopeful, highly-publicized day to announce the cure for climate collapse. The press framed it as \"Humanity's Green Dawn,\" and corporate PR rolled out videos of deforested areas recovering. It was not a single lab that released the compound, but a coordinated global initiative. Governments, bio-tech companies, and non-government organizations were all involved. Initially, it was distributed first in controlled trials (forests, farmlands, deserts), then quickly scaled throughout the day once results seemed promising.[/p]\n[p][/p]\n",
    "fullcontent": null,
    "displayDateName": null,
    "creationDate": {
        "date": "2025-08-20 12:55:06.000000",
        "timezone_type": 3,
        "timezone": "Europe/London"
    },
    "meta": null,
    "likes": null,
    "world": {
        "id": "864acfb5-95d4-444d-a85e-869554ea44eb",
        "title": "The Green Tide",
        "slug": "the-green-tide-chamomileberry",
        "state": "public",
        "isWip": null,
        "isDraft": null,
        "entityClass": "World",
        "icon": "fa-solid fa-globe-stand",
        "url": "https://www.worldanvil.com/w/the-green-tide-chamomileberry",
        "subscribergroups": [],
        "folderId": "-1",
        "tags": "",
        "updateDate": {
            "date": "2025-10-06 14:24:17.000000",
            "timezone_type": 3,
            "timezone": "Europe/London"
        }
    },
    "displayRange": true,
    "isEditable": true,
    "success": true
}