{
    "id": "5c9720ce-0c2d-4c20-8bd1-52f0aaa04a86",
    "title": "First Successful Project Genesis Birth",
    "slug": null,
    "state": "public",
    "isWip": null,
    "isDraft": null,
    "entityClass": "HistoricalEntry",
    "icon": "fa-solid fa-calendar-lines-pen",
    "url": "https://www.worldanvil.com/w/the-green-tide-chamomileberry/h/5c9720ce-0c2d-4c20-8bd1-52f0aaa04a86",
    "subscribergroups": [],
    "folderId": "-1",
    "tags": null,
    "updateDate": {
        "date": "2025-08-28 19:43:23.000000",
        "timezone_type": 3,
        "timezone": "Europe/London"
    },
    "significance": 4,
    "year": "2032",
    "month": 11,
    "day": 12,
    "hour": null,
    "minute": null,
    "endingYear": "2032",
    "endingMonth": 11,
    "endingDay": 12,
    "endingHour": null,
    "endingMinute": null,
    "lane": "{\"64b8d814-f65a-4173-add0-335d769fec33\":8}",
    "backgroundColor": null,
    "category": {
        "id": "d6c9f392-5cdb-4101-aaba-d466fe6c349c",
        "title": "Life, Birth",
        "slug": null,
        "state": null,
        "isWip": null,
        "isDraft": null,
        "entityClass": "HistoricalEntryCategory",
        "icon": "ra ra-3x ra-hearts",
        "url": null,
        "subscribergroups": [],
        "folderId": null,
        "tags": null,
        "updateDate": null
    },
    "content": "[p]@[Juniper Corvain](Article:0053de12-2fe8-4eed-8f20-39fd35419d7e) is born as a nameless child to Dr. Elan Thorne, who was both a cure, and her daughter. To protect her from exploitation, Dr. Thorne left her at the salt line in Espera to hide her existence from her Project Gensis colleagues and the IBCC.[/p]\n[p][/p]\n[p][/p]\n",
    "fullcontent": null,
    "displayDateName": null,
    "creationDate": {
        "date": "2025-08-23 16:43:47.000000",
        "timezone_type": 3,
        "timezone": "Europe/London"
    },
    "meta": null,
    "likes": null,
    "world": {
        "id": "864acfb5-95d4-444d-a85e-869554ea44eb",
        "title": "The Green Tide",
        "slug": "the-green-tide-chamomileberry",
        "state": "public",
        "isWip": null,
        "isDraft": null,
        "entityClass": "World",
        "icon": "fa-solid fa-globe-stand",
        "url": "https://www.worldanvil.com/w/the-green-tide-chamomileberry",
        "subscribergroups": [],
        "folderId": "-1",
        "tags": "",
        "updateDate": {
            "date": "2025-10-06 14:24:17.000000",
            "timezone_type": 3,
            "timezone": "Europe/London"
        }
    },
    "displayRange": true,
    "isEditable": true,
    "success": true
}