{
    "id": "41c744e6-f5fd-40ce-abb9-23c0becd45d6",
    "title": "UN Emergency Session",
    "slug": null,
    "state": "public",
    "isWip": null,
    "isDraft": null,
    "entityClass": "HistoricalEntry",
    "icon": "fa-solid fa-calendar-lines-pen",
    "url": "https://www.worldanvil.com/w/the-green-tide-chamomileberry/h/41c744e6-f5fd-40ce-abb9-23c0becd45d6",
    "subscribergroups": [],
    "folderId": "-1",
    "tags": null,
    "updateDate": {
        "date": "2025-08-23 19:02:57.000000",
        "timezone_type": 3,
        "timezone": "Europe/London"
    },
    "significance": 0,
    "year": "2031",
    "month": 12,
    "day": 31,
    "hour": null,
    "minute": null,
    "endingYear": "2031",
    "endingMonth": null,
    "endingDay": 31,
    "endingHour": null,
    "endingMinute": null,
    "lane": "{\"64b8d814-f65a-4173-add0-335d769fec33\":10}",
    "backgroundColor": null,
    "category": {
        "id": "89784bed-fb73-4ebd-a13b-963a86cdfe73",
        "title": "Gathering / Conference",
        "slug": null,
        "state": null,
        "isWip": null,
        "isDraft": null,
        "entityClass": "HistoricalEntryCategory",
        "icon": "ra ra-3x ra-double-team",
        "url": null,
        "subscribergroups": [],
        "folderId": null,
        "tags": null,
        "updateDate": null
    },
    "content": "[p]The International Biotech Climate Coalition (IBCC) reconvenes under mounting pressure from global panic in Geneva, Switzerland. The IBCC publicly reassures citizens that the Verdant compound remains stable, and all reported anomalies are local and containable. Privately, the IBCC issues governments to prepare for mass containment protocols.[/p]\n[p][/p]\n[p][/p]\n",
    "fullcontent": null,
    "displayDateName": null,
    "creationDate": {
        "date": "2025-08-23 15:49:55.000000",
        "timezone_type": 3,
        "timezone": "Europe/London"
    },
    "meta": null,
    "likes": null,
    "world": {
        "id": "864acfb5-95d4-444d-a85e-869554ea44eb",
        "title": "The Green Tide",
        "slug": "the-green-tide-chamomileberry",
        "state": "public",
        "isWip": null,
        "isDraft": null,
        "entityClass": "World",
        "icon": "fa-solid fa-globe-stand",
        "url": "https://www.worldanvil.com/w/the-green-tide-chamomileberry",
        "subscribergroups": [],
        "folderId": "-1",
        "tags": "",
        "updateDate": {
            "date": "2025-10-06 14:24:17.000000",
            "timezone_type": 3,
            "timezone": "Europe/London"
        }
    },
    "displayRange": true,
    "isEditable": true,
    "success": true
}