{
    "id": "babf6ce5-ba3e-48d1-8e97-bcbef376cb2d",
    "title": "The Fall of Delhi",
    "slug": null,
    "state": "public",
    "isWip": null,
    "isDraft": null,
    "entityClass": "HistoricalEntry",
    "icon": "fa-solid fa-calendar-lines-pen",
    "url": "https://www.worldanvil.com/w/the-green-tide-chamomileberry/h/babf6ce5-ba3e-48d1-8e97-bcbef376cb2d",
    "subscribergroups": [],
    "folderId": "-1",
    "tags": null,
    "updateDate": {
        "date": "2025-08-23 17:19:18.000000",
        "timezone_type": 3,
        "timezone": "Europe/London"
    },
    "significance": 2,
    "year": "2035",
    "month": 4,
    "day": 24,
    "hour": null,
    "minute": null,
    "endingYear": "2035",
    "endingMonth": null,
    "endingDay": 24,
    "endingHour": null,
    "endingMinute": null,
    "lane": "{\"64b8d814-f65a-4173-add0-335d769fec33\":3}",
    "backgroundColor": null,
    "category": {
        "id": "a2473aad-6700-409e-a19f-e65833268a63",
        "title": "Disaster / Destruction",
        "slug": null,
        "state": null,
        "isWip": null,
        "isDraft": null,
        "entityClass": "HistoricalEntryCategory",
        "icon": "ra ra-3x ra-explosion",
        "url": null,
        "subscribergroups": [],
        "folderId": null,
        "tags": null,
        "updateDate": null
    },
    "content": "[p]Central Delhi is fully engulfed by the Bloom Front. Satellite feeds show only the tips of skyscrapers protruding through a canopy of green overgrowth. An estimated 15-20 million citizens are either dead or Hollowed. Survivors scatter into refugee streams across Rajasthan and Punjab.[/p]\n[p][/p]\n[p][/p]\n",
    "fullcontent": null,
    "displayDateName": null,
    "creationDate": {
        "date": "2025-08-23 17:17:54.000000",
        "timezone_type": 3,
        "timezone": "Europe/London"
    },
    "meta": null,
    "likes": null,
    "world": {
        "id": "864acfb5-95d4-444d-a85e-869554ea44eb",
        "title": "The Green Tide",
        "slug": "the-green-tide-chamomileberry",
        "state": "public",
        "isWip": null,
        "isDraft": null,
        "entityClass": "World",
        "icon": "fa-solid fa-globe-stand",
        "url": "https://www.worldanvil.com/w/the-green-tide-chamomileberry",
        "subscribergroups": [],
        "folderId": "-1",
        "tags": "",
        "updateDate": {
            "date": "2025-10-06 14:24:17.000000",
            "timezone_type": 3,
            "timezone": "Europe/London"
        }
    },
    "displayRange": true,
    "isEditable": true,
    "success": true
}