{
    "id": "95c83a3b-3f2c-4e4c-bd44-78a3cd21886e",
    "title": "Unexpected Sinkhole Collapses",
    "slug": null,
    "state": "public",
    "isWip": null,
    "isDraft": null,
    "entityClass": "HistoricalEntry",
    "icon": "fa-solid fa-calendar-lines-pen",
    "url": "https://www.worldanvil.com/w/the-green-tide-chamomileberry/h/95c83a3b-3f2c-4e4c-bd44-78a3cd21886e",
    "subscribergroups": [],
    "folderId": "-1",
    "tags": null,
    "updateDate": {
        "date": "2025-08-27 19:41:23.000000",
        "timezone_type": 3,
        "timezone": "Europe/London"
    },
    "significance": 3,
    "year": "2030",
    "month": 6,
    "day": 2,
    "hour": null,
    "minute": null,
    "endingYear": "2030",
    "endingMonth": 6,
    "endingDay": 2,
    "endingHour": null,
    "endingMinute": null,
    "lane": "{\"64b8d814-f65a-4173-add0-335d769fec33\":6}",
    "backgroundColor": "#c45100",
    "category": {
        "id": "a2473aad-6700-409e-a19f-e65833268a63",
        "title": "Disaster / Destruction",
        "slug": null,
        "state": null,
        "isWip": null,
        "isDraft": null,
        "entityClass": "HistoricalEntryCategory",
        "icon": "ra ra-3x ra-explosion",
        "url": null,
        "subscribergroups": [],
        "folderId": null,
        "tags": null,
        "updateDate": null
    },
    "content": "[p]A Verdant pilot project for desert reclamation in Rajasthan Desert, India, lead to unexpected sinkhole collapses. Four researchers are killed when subsoil root mats destabilize sand strata. The report cites \"Geological Instability\" rather than Verdant-related causes.[/p]\n[p][/p]\n[p][/p]\n",
    "fullcontent": null,
    "displayDateName": null,
    "creationDate": {
        "date": "2025-08-20 13:24:33.000000",
        "timezone_type": 3,
        "timezone": "Europe/London"
    },
    "meta": null,
    "likes": null,
    "world": {
        "id": "864acfb5-95d4-444d-a85e-869554ea44eb",
        "title": "The Green Tide",
        "slug": "the-green-tide-chamomileberry",
        "state": "public",
        "isWip": null,
        "isDraft": null,
        "entityClass": "World",
        "icon": "fa-solid fa-globe-stand",
        "url": "https://www.worldanvil.com/w/the-green-tide-chamomileberry",
        "subscribergroups": [],
        "folderId": "-1",
        "tags": "",
        "updateDate": {
            "date": "2025-10-06 14:24:17.000000",
            "timezone_type": 3,
            "timezone": "Europe/London"
        }
    },
    "displayRange": true,
    "isEditable": true,
    "success": true
}