{
    "id": "7ff6ab5f-039f-4c6f-9a99-ef740706d434",
    "title": "First Cases of Spore Lung Recorded",
    "slug": null,
    "state": "public",
    "isWip": null,
    "isDraft": null,
    "entityClass": "HistoricalEntry",
    "icon": "fa-solid fa-calendar-lines-pen",
    "url": "https://www.worldanvil.com/w/the-green-tide-chamomileberry/h/7ff6ab5f-039f-4c6f-9a99-ef740706d434",
    "subscribergroups": [],
    "folderId": "-1",
    "tags": null,
    "updateDate": {
        "date": "2025-08-23 17:45:23.000000",
        "timezone_type": 3,
        "timezone": "Europe/London"
    },
    "significance": 0,
    "year": "2031",
    "month": 2,
    "day": 21,
    "hour": null,
    "minute": null,
    "endingYear": "2031",
    "endingMonth": 2,
    "endingDay": 21,
    "endingHour": null,
    "endingMinute": null,
    "lane": "{\"64b8d814-f65a-4173-add0-335d769fec33\":1}",
    "backgroundColor": "#9f0500",
    "category": {
        "id": "9d755197-f4d1-48d7-9954-33457655eb57",
        "title": "Plague / Epidemic",
        "slug": null,
        "state": null,
        "isWip": null,
        "isDraft": null,
        "entityClass": "HistoricalEntryCategory",
        "icon": "ra ra-3x ra-biohazard",
        "url": null,
        "subscribergroups": [],
        "folderId": null,
        "tags": null,
        "updateDate": null
    },
    "content": "[p]In Verdant-perimeter neighbourhoods in Sao Paulo, Brazil, residents began reporting persistent coughs, fevers, and green phlegm. Doctors recorded the first three cases of @[Spore Lung](Article:dc02e16b-3bc7-4e7b-b515-242bfae2544e) , which was considered the first probable case of Verdant infection in humans. The report was dismissed as mold exposure from poor housing conditions.[/p]\n[p][/p]\n[p][/p]\n",
    "fullcontent": null,
    "displayDateName": null,
    "creationDate": {
        "date": "2025-08-20 14:44:40.000000",
        "timezone_type": 3,
        "timezone": "Europe/London"
    },
    "meta": null,
    "likes": null,
    "world": {
        "id": "864acfb5-95d4-444d-a85e-869554ea44eb",
        "title": "The Green Tide",
        "slug": "the-green-tide-chamomileberry",
        "state": "public",
        "isWip": null,
        "isDraft": null,
        "entityClass": "World",
        "icon": "fa-solid fa-globe-stand",
        "url": "https://www.worldanvil.com/w/the-green-tide-chamomileberry",
        "subscribergroups": [],
        "folderId": "-1",
        "tags": "",
        "updateDate": {
            "date": "2025-10-06 14:24:17.000000",
            "timezone_type": 3,
            "timezone": "Europe/London"
        }
    },
    "displayRange": true,
    "isEditable": true,
    "success": true
}