{
    "id": "e142d810-d5be-43d5-9eaa-8b9d77ebd545",
    "title": "Quarantine Begins",
    "slug": null,
    "state": "public",
    "isWip": null,
    "isDraft": null,
    "entityClass": "HistoricalEntry",
    "icon": "fa-solid fa-calendar-lines-pen",
    "url": "https://www.worldanvil.com/w/the-green-tide-chamomileberry/h/e142d810-d5be-43d5-9eaa-8b9d77ebd545",
    "subscribergroups": [],
    "folderId": "-1",
    "tags": null,
    "updateDate": {
        "date": "2025-08-30 17:29:16.000000",
        "timezone_type": 3,
        "timezone": "Europe/London"
    },
    "significance": 4,
    "year": "2049",
    "month": 12,
    "day": 19,
    "hour": null,
    "minute": null,
    "endingYear": "2052",
    "endingMonth": 2,
    "endingDay": 27,
    "endingHour": null,
    "endingMinute": null,
    "lane": "{\"64b8d814-f65a-4173-add0-335d769fec33\":9}",
    "backgroundColor": null,
    "category": {
        "id": "9d755197-f4d1-48d7-9954-33457655eb57",
        "title": "Plague / Epidemic",
        "slug": null,
        "state": null,
        "isWip": null,
        "isDraft": null,
        "entityClass": "HistoricalEntryCategory",
        "icon": "ra ra-3x ra-biohazard",
        "url": null,
        "subscribergroups": [],
        "folderId": null,
        "tags": null,
        "updateDate": null
    },
    "content": "[p]@[Juniper Corvain](Article:0053de12-2fe8-4eed-8f20-39fd35419d7e) is held in quarantine at the Archive station by Dr. Elan Thorne until she is rescued by Silvan.[/p]\n[p][/p]\n[p][/p]\n",
    "fullcontent": null,
    "displayDateName": null,
    "creationDate": {
        "date": "2025-08-23 19:58:03.000000",
        "timezone_type": 3,
        "timezone": "Europe/London"
    },
    "meta": null,
    "likes": null,
    "world": {
        "id": "864acfb5-95d4-444d-a85e-869554ea44eb",
        "title": "The Green Tide",
        "slug": "the-green-tide-chamomileberry",
        "state": "public",
        "isWip": null,
        "isDraft": null,
        "entityClass": "World",
        "icon": "fa-solid fa-globe-stand",
        "url": "https://www.worldanvil.com/w/the-green-tide-chamomileberry",
        "subscribergroups": [],
        "folderId": "-1",
        "tags": "",
        "updateDate": {
            "date": "2025-10-06 14:24:17.000000",
            "timezone_type": 3,
            "timezone": "Europe/London"
        }
    },
    "displayRange": true,
    "isEditable": true,
    "success": true
}