{
    "id": "97b83177-8706-4072-83c1-061a5244dfbf",
    "title": "Lagos Collapse",
    "slug": null,
    "state": "public",
    "isWip": null,
    "isDraft": null,
    "entityClass": "HistoricalEntry",
    "icon": "fa-solid fa-calendar-lines-pen",
    "url": "https://www.worldanvil.com/w/the-green-tide-chamomileberry/h/97b83177-8706-4072-83c1-061a5244dfbf",
    "subscribergroups": [],
    "folderId": "-1",
    "tags": null,
    "updateDate": {
        "date": "2025-08-27 19:39:57.000000",
        "timezone_type": 3,
        "timezone": "Europe/London"
    },
    "significance": 2,
    "year": "2033",
    "month": 9,
    "day": 14,
    "hour": null,
    "minute": null,
    "endingYear": "2033",
    "endingMonth": 9,
    "endingDay": null,
    "endingHour": null,
    "endingMinute": null,
    "lane": "{\"64b8d814-f65a-4173-add0-335d769fec33\":6}",
    "backgroundColor": null,
    "category": null,
    "content": "[p]The Verdant infiltrated the Ogun River delta, worsened by flooding in the Lagos outskirts of Nigeria. Verdant mats spread across fishing villages, then surged into Lagos suburbs Ikorodu and Epe. Attempts at mass evacuation snarled in traffic jams, with entire highways swallowed by root bursts. The Verdancy surged into the city at 15km/day. Approximately 5 million were dead or Hollowed, and survivors described Hollowed moving through overrun marketplaces, chanting in broken, vine-choked voices. Lagos became the largest urban collapse before Delhi. Refugee streams spread across West Africa, destabilizing the region and forcing Sahel salt-flat settlements to expand.[/p]\n[p][/p]\n[p][/p]\n",
    "fullcontent": null,
    "displayDateName": null,
    "creationDate": {
        "date": "2025-08-23 17:30:07.000000",
        "timezone_type": 3,
        "timezone": "Europe/London"
    },
    "meta": null,
    "likes": null,
    "world": {
        "id": "864acfb5-95d4-444d-a85e-869554ea44eb",
        "title": "The Green Tide",
        "slug": "the-green-tide-chamomileberry",
        "state": "public",
        "isWip": null,
        "isDraft": null,
        "entityClass": "World",
        "icon": "fa-solid fa-globe-stand",
        "url": "https://www.worldanvil.com/w/the-green-tide-chamomileberry",
        "subscribergroups": [],
        "folderId": "-1",
        "tags": "",
        "updateDate": {
            "date": "2025-10-06 14:24:17.000000",
            "timezone_type": 3,
            "timezone": "Europe/London"
        }
    },
    "displayRange": true,
    "isEditable": true,
    "success": true
}