{
    "id": "3b6702a8-01fb-4b1c-b907-038899b989e3",
    "title": "Controlled Burning in Punjab",
    "slug": null,
    "state": "public",
    "isWip": null,
    "isDraft": null,
    "entityClass": "HistoricalEntry",
    "icon": "fa-solid fa-calendar-lines-pen",
    "url": "https://www.worldanvil.com/w/the-green-tide-chamomileberry/h/3b6702a8-01fb-4b1c-b907-038899b989e3",
    "subscribergroups": [],
    "folderId": "-1",
    "tags": null,
    "updateDate": {
        "date": "2025-09-08 18:03:17.000000",
        "timezone_type": 3,
        "timezone": "Europe/London"
    },
    "significance": 0,
    "year": "2031",
    "month": 10,
    "day": 3,
    "hour": null,
    "minute": null,
    "endingYear": "2031",
    "endingMonth": 10,
    "endingDay": 8,
    "endingHour": null,
    "endingMinute": null,
    "lane": "{\"64b8d814-f65a-4173-add0-335d769fec33\":4}",
    "backgroundColor": null,
    "category": {
        "id": "1546d559-a30d-481c-a716-e27647bf67be",
        "title": "Geological / environmental event",
        "slug": null,
        "state": null,
        "isWip": null,
        "isDraft": null,
        "entityClass": "HistoricalEntryCategory",
        "icon": "ra ra-3x ra-pine-tree",
        "url": null,
        "subscribergroups": [],
        "folderId": null,
        "tags": null,
        "updateDate": null
    },
    "content": "[p]Indian authorities attempt controlled burns to contain agricultural overgrowth gone wrong, but the hyper-oxygenated conditions turn their containment efforts into an uncontainable firestorm. [/p]\n[p][/p]\n[p]When Indian agricultural officials see crops spreading beyond their designated zones in Punjab and root systems destabilizing infrastructure in Rajasthan, they decide to implement controlled burns to create firebreaks and eliminate problematic overgrowth in Punjab, Rajasthan, and Haryana. Once the fires are ignited in the oxygen-enriched atmosphere created by the Verdant compound's photosynthesis, the burns explode beyond all parameters.[/p]\n[p][/p]\n[p]The fires raced across the agricultural zones of Punjab, fed by the oxygen-rich air and the interconnected root networks that acted as fuel conduits underground. The flames spread faster than evacuation protocols could handle, consuming not just the Verdant overgrowth, but entire communities along with it. The subcontinent's dense population centres become death traps as the fires burn at temperatures that melt infrastructures and spread through underground root networks in unpredictable patterns. [/p]\n[p][/p]\n[p]The controlled burn fails to contain the Verdant overgrowth and triggers such widespread devastation that it effectively collapses the entire subcontinental infrastructure, creating a communication blackout that prevents the international community from understanding the true scope of the disaster.[/p]\n[p][/p]\n[p]Other continental collapses happen more gradually because other nations, after seeing what happened to India, avoids using fire as a containment strategy and allows the Verdancy to spread more slowly through other mechanisms, rather than triggering the explosive fire-accelerated collapse that consumed the Indian subcontinent. [/p]\n[p][/p]\n[p]Delhi survived until 2035 because it was geographically isolated from the catastrophic fire zones that consumed the rest of northern India. When the controlled burning when catastrophically wrong, the resulting firestorms consumed the agricultural heartlands of Punjab and Haryana, as well as the Rajasthan desert project sites. However, Delhi's position put it downwind rather than in the direct path of the fire-accelerated Verdant expansion. The geographical barriers and wind patterns within the Indo-Gangetic Plain buffered by the Yamuna River system that normally traps pollution in Delhi during typical agricultural burning seasons, provided temporary protection from the immediate fire disasters. After these uncontrolled fires, Delhi authorities created salt barriers and firebreaks that were specifically designed to protect the capital after the disasters that had consumed the surrounding agricultural regions. While Delhi's defences held against the fire-accelerated Verdant expansion from the agricultural zones, it eventually found an alternate route through the Yamuna River floodplain, bypassing the containment corridors that had protected the city for four years prior. After Delhi finally collapses in 2035, survivors scatter into refugee streams across Rajasthan and Punjab—areas that were already devastated and largely depopulated by the 2031 fire disaster, seeking refuge in the burned-out zones where the Verdant growth had already been disrupted by the earlier fire catastrophes.[/p]\n[p][/p]\n[p][/p]\n",
    "fullcontent": null,
    "displayDateName": null,
    "creationDate": {
        "date": "2025-09-08 17:48:09.000000",
        "timezone_type": 3,
        "timezone": "Europe/London"
    },
    "meta": null,
    "likes": null,
    "world": {
        "id": "864acfb5-95d4-444d-a85e-869554ea44eb",
        "title": "The Green Tide",
        "slug": "the-green-tide-chamomileberry",
        "state": "public",
        "isWip": null,
        "isDraft": null,
        "entityClass": "World",
        "icon": "fa-solid fa-globe-stand",
        "url": "https://www.worldanvil.com/w/the-green-tide-chamomileberry",
        "subscribergroups": [],
        "folderId": "-1",
        "tags": "",
        "updateDate": {
            "date": "2025-10-06 14:24:17.000000",
            "timezone_type": 3,
            "timezone": "Europe/London"
        }
    },
    "displayRange": true,
    "isEditable": true,
    "success": true
}