{
    "id": "58f9561c-3046-4191-883a-a3f5ba43d890",
    "title": "Kansas Cattle Outbreak",
    "slug": null,
    "state": "public",
    "isWip": null,
    "isDraft": null,
    "entityClass": "HistoricalEntry",
    "icon": "fa-solid fa-calendar-lines-pen",
    "url": "https://www.worldanvil.com/w/the-green-tide-chamomileberry/h/58f9561c-3046-4191-883a-a3f5ba43d890",
    "subscribergroups": [],
    "folderId": "-1",
    "tags": null,
    "updateDate": {
        "date": "2025-08-23 17:45:42.000000",
        "timezone_type": 3,
        "timezone": "Europe/London"
    },
    "significance": 3,
    "year": "2031",
    "month": 3,
    "day": 19,
    "hour": null,
    "minute": null,
    "endingYear": "2031",
    "endingMonth": 3,
    "endingDay": 19,
    "endingHour": null,
    "endingMinute": null,
    "lane": "{\"64b8d814-f65a-4173-add0-335d769fec33\":2}",
    "backgroundColor": null,
    "category": {
        "id": "9d755197-f4d1-48d7-9954-33457655eb57",
        "title": "Plague / Epidemic",
        "slug": null,
        "state": null,
        "isWip": null,
        "isDraft": null,
        "entityClass": "HistoricalEntryCategory",
        "icon": "ra ra-3x ra-biohazard",
        "url": null,
        "subscribergroups": [],
        "folderId": null,
        "tags": null,
        "updateDate": null
    },
    "content": "[p]Farmers report cattle grazing on Verdant grass in Kansas, USA collapsed suddenly and autopsies revealed the cause of death was green tissue fibres ravaging their lungs. The USDA quietly confiscates samples, but the official statement released claimed that the incident was due to heat stress.[/p]\n[p][/p]\n[p][/p]\n",
    "fullcontent": null,
    "displayDateName": null,
    "creationDate": {
        "date": "2025-08-20 18:16:52.000000",
        "timezone_type": 3,
        "timezone": "Europe/London"
    },
    "meta": null,
    "likes": null,
    "world": {
        "id": "864acfb5-95d4-444d-a85e-869554ea44eb",
        "title": "The Green Tide",
        "slug": "the-green-tide-chamomileberry",
        "state": "public",
        "isWip": null,
        "isDraft": null,
        "entityClass": "World",
        "icon": "fa-solid fa-globe-stand",
        "url": "https://www.worldanvil.com/w/the-green-tide-chamomileberry",
        "subscribergroups": [],
        "folderId": "-1",
        "tags": "",
        "updateDate": {
            "date": "2025-10-06 14:24:17.000000",
            "timezone_type": 3,
            "timezone": "Europe/London"
        }
    },
    "displayRange": true,
    "isEditable": true,
    "success": true
}