{
    "id": "0490f429-8716-4acf-b554-2b3cbdf9bc47",
    "title": "The Green Tide",
    "slug": "4213035809-chamomileberry-the-green-tide",
    "state": "private",
    "isWip": null,
    "isDraft": null,
    "entityClass": "Manuscript",
    "icon": "fa-solid fa-book",
    "url": "https://www.worldanvil.com/community/manuscripts/read/4213035809-chamomileberry-the-green-tide",
    "subscribergroups": [],
    "folderId": "-1",
    "tags": {},
    "updateDate": {
        "date": "2025-08-21 21:08:20.000000",
        "timezone_type": 3,
        "timezone": "Europe/London"
    },
    "content": null,
    "accessDenied": null,
    "customAdvert": null,
    "credits": null,
    "patreon": null,
    "kofi": null,
    "creationDate": {
        "date": "2025-08-21 21:08:20.000000",
        "timezone_type": 3,
        "timezone": "Europe/London"
    },
    "publicationDate": null,
    "position": null,
    "likes": null,
    "wordcount": 3975,
    "viewcount": null,
    "status": "ongoing",
    "isEditable": true,
    "success": true
}